,"Current 
expenditures
per pupil",Current expenditures  ,Federal revenues,Instructional-related current expenditures,Local revenues,Name of reporting district,State,State revenues,"Total
expenditures
per pupil",Total expenditures,Total revenues,Total students ,Year
0,17923.157036631477,17742868,1785145,13579095,8765359,new york city school district,new york,9335189,22070.622,21848614,19885693,989941,2008
1,11357.063775804405,7878168,1053853,5369564,1836811,los angeles unified school district,california,6660389,14767.769,10244106,9551053,693680,2008
2,10392.444357193688,4235025,808902,2843497,2189789,city of chicago school district,illinois,1845925,12126.191,4941544,4844616,407510,2008
3,9932.84653920397,3457902,427479,2315134,2100820,miami-dade county public school district,florida,1431109,13282.718,4624086,3959408,348128,2008
4,8044.183646064889,2486063,196022,1599505,2063056,clark county school district,nevada,852790,11858.716,3664948,3111868,309051,2008
6,9036.918727041673,2339595,233523,1551639,1508627,broward county school district,florida,1132545,11568.776,2995075,2874695,258893,2008
7,8603.867010133612,1716764,267705,1106808,1194058,houston independent school district,texas,597926,9867.1705,1968836,2059689,199534,2008
8,8351.713427891085,1613384,247129,1113859,787300,hillsborough county school district,florida,1034236,10936.054,2112627,2068665,193180,2008
9,11799.968871076228,2122779,310732,1359347,76658,hawaii department of education,hawaii,2154313,12464.955,2242408,2541703,179897,2008
10,8755.710856657211,1524737,155268,1042541,1092225,orange county school district,florida,726790,11668.328,2031946,1974283,174142,2008
12,9398.664767463406,1623187,311595,937052,887680,philadelphia school district,pennsylvania,1368208,16388.949,2830437,2567483,172704,2008
13,9393.526564959651,1605194,138401,1106702,1550356,palm beach county school district,florida,494375,13605.051,2324872,2183132,170883,2008
14,13274.70100529803,2199910,87266,1501261,1769146,fairfax county schools,virginia,456974,14882.768,2466402,2313386,165722,2008
15,9235.691110491496,1457429,216482,986852,922764,dallas independent school district,texas,473768,10745.716,1695717,1613014,157804,2008
16,9570.255368916192,1489304,95838,1022600,879380,gwinnett county school district,georgia,789298,12139.046,1889054,1764516,155618,2008
18,15001.938758468454,2066022,93751,1433552,1946196,montgomery county public schools,maryland,564940,18011.059,2480429,2604887,137717,2008
19,7707.300466146398,1030073,68546,695737,504730,wake county schools,north carolina,691684,10830.743,1447518,1264960,133649,2008
20,10305.296518388472,1355940,144969,863079,792500,san diego city unified school district,california,623080,11539.866,1518381,1560549,131577,2008
21,8114.88864627154,1062880,105771,682134,548870,charlotte-mecklenburg schools,north carolina,690492,10240.458,1341285,1345133,130979,2008
22,13541.417473333744,1757026,117772,1077527,769286,prince george's county public schools,maryland,1039575,15340.619,1990476,1926633,129752,2008
24,8653.110469777137,1079389,106117,735878,554194,duval county school district,florida,577864,10034.424,1251694,1238175,124740,2008
25,8886.233982417507,1024956,160100,679740,517799,memphis city schools,tennessee,441915,9958.0205,1148578,1119814,115342,2008
26,8958.838468097727,966587,94072,638052,662371,pinellas county school district,florida,454583,10433.016,1125639,1211026,107892,2008
27,12016.204089956802,1296236,168009,752375,334981,detroit city school district,michigan,814536,13278.974,1432456,1317526,107874,2008
28,9428.108138332076,1011702,66790,732211,640103,cobb county school district,georgia,450898,10722.18,1150565,1157791,107307,2008
30,12117.679775227027,1263668,81477,824381,792521,baltimore county public schools,maryland,644803,12772.657,1331971,1518801,104283,2008
31,10567.221485345008,1059607,83281,715201,713879,dekalb county school district,georgia,448301,11640.272,1167205,1245461,100273,2008
32,7137.777915466196,691201,43607,474174,433813,cypress-fairbanks independent school district,texas,314951,9799.1677,948922,792371,96837,2008
33,8361.954879383109,802455,87819,504779,168793,albuquerque public schools,new mexico,742891,10449.674,1002803,999503,95965,2008
34,9966.3297556091,955482,114025,601987,518146,jefferson county school district,kentucky,455522,10876.855,1042775,1087693,95871,2008
36,10826.271547137689,1017453,82891,758602,555954,polk county school district,florida,611812,12750.766,1198317,1250657,93980,2008
37,9645.692059964167,850615,130977,568479,122847,long beach unified school district,california,660542,10454.517,921942,914366,88186,2008
38,12704.661422038955,1103006,186192,697993,293862,milwaukee school district,wisconsin,707164,13600.456,1180778,1187218,86819,2008
39,7810.584280083469,673741,57934,456378,390083,northside independent school district,texas,318919,11140.517,960981,766936,86260,2008
40,10282.992171643955,886651,45181,600606,713222,fulton county school district,georgia,309750,12823.752,1105728,1068153,86225,2008
42,8287.508123665399,714118,40484,468832,471137,jefferson county school district r-,colorado,346754,10231.664,881642,858375,86168,2008
43,5315.828186477683,455306,45641,315908,256032,jordan school district,utah,333609,7017.1393,601025,635282,85651,2008
44,9035.14849086769,745978,85664,482385,652936,austin independent school district,texas,231489,12147.086,1002912,970089,82564,2008
45,14200.629890261305,1154284,162776,774067,297834,baltimore city public schools,maryland,937373,16894.579,1373259,1397983,81284,2008
46,8705.54127711352,701153,67054,440066,693194,lee county school district,florida,220143,11745.223,945972,980391,80541,2008
48,8618.651483064281,679641,96921,434468,312003,fort worth independent school district,texas,316310,9409.3232,741991,725234,78857,2008
49,10053.138896154853,768663,123361,529797,125066,fresno unified school district,california,590206,11333.992,866597,838633,76460,2008
50,5433.378958174304,412839,58887,287441,157009,granite school district,utah,289476,6363.0992,483481,505372,75982,2008
51,8431.17427960575,627018,51979,436342,364901,brevard county school district,florida,330491,11901.545,885106,747371,74369,2008
52,9199.674421759479,678154,78816,439516,461064,nashville davidson county schools,tennessee,200955,11048.62,814449,740835,73715,2008
60,11952.152588555859,877288,45951,588165,634086,anne arundel county public schools,maryland,323201,13885.354,1019185,1003238,73400,2008
61,15757.080475818926,1151102,93657,724476,527984,denver school district,colorado,239598,16932.542,1236973,861239,73053,2008
62,7426.770165927386,542481,55855,344356,249215,mesa unified school district,arizona,330173,8257.297,603146,635243,73044,2008
63,10368.896256918946,756805,34356,492558,477389,prince william county schools,virginia,366747,12599.879,919640,878492,72988,2008
64,10343.640051326627,749676,61932,504471,369718,virginia beach city schools,virginia,377236,11908.564,863097,808886,72477,2008
66,8535.132468996619,605653,67308,388916,266548,guilford county schools,north carolina,382482,10461.471,742346,716338,70960,2008
67,5563.798472761401,391263,40386,265596,139191,davis county school district,utah,305454,6916.2436,486371,485031,70323,2008
68,8032.069005241634,557779,55081,355470,261620,greenville county school district,south carolina,367719,10568.832,733942,684420,69444,2008
69,7636.324861748441,519209,29488,347217,289451,fort bend independent school district,texas,252517,9485.41,644932,571456,67992,2008
70,8402.660071779716,557214,55039,356811,280326,pasco county school board,florida,378537,11314.157,750287,713902,66314,2008
72,8182.553340541857,537291,45021,344900,365095,washoe county school district,nevada,208833,9323.3937,612202,618949,65663,2008
73,8097.20395239989,529379,40109,357008,295519,seminole county school district,florida,297872,9587.1241,626787,633500,65378,2008
74,8756.2647314229,564674,51040,374448,401931,volusia county school district,florida,260755,11605.415,748410,713726,64488,2008
75,9049.864077669903,582585,75127,354871,166406,mobile county school district,alabama,376648,9810.4388,631547,618181,64375,2008
76,5123.167752442997,327145,35566,238954,136551,alpine school district,utah,256479,6858.4315,437952,428596,63856,2008
78,7681.959181076309,482911,49128,333377,272962,arlington independent school district,texas,215190,8149.802,512321,537280,62863,2008
79,8554.274890037565,532880,39960,362820,160236,elk grove unified school district,california,396509,9532.0416,593789,596705,62294,2008
80,8328.52479053087,517876,33815,354183,427181,north east independent school district,texas,200974,11013.236,684814,661970,62181,2008
81,8615.10229705584,535196,87626,364400,181616,el paso independent school district,texas,314657,9558.5693,593807,583899,62123,2008
82,8274.503603348701,497157,68093,314155,187824,aldine independent school district,texas,304002,9726.029,584369,559919,60083,2008
84,7945.117737286564,471360,63503,264048,210091,tucson unified school district,arizona,271967,9650.8672,572557,545561,59327,2008
85,9024.707897369804,532178,24364,359722,297564,chesterfield county schools,virginia,287533,10851.651,639911,609461,58969,2008
86,14594.33589386675,849259,85568,450537,1138744,dc public schools,district of columbia,†,21047.671,1224785,1224312,58191,2008
87,7632.26573842467,436329,38863,290813,195789,garland independent school district,texas,247658,8450.4189,483102,482310,57169,2008
88,9535.129072396208,544084,69466,374976,128626,santa ana unified school district,california,366775,10419.586,594552,564867,57061,2008
90,9764.838613006152,553930,73382,363083,66781,san bernardino city unified school district,california,657628,12080.103,685268,797791,56727,2008
91,20323.600626691354,1141536,91360,784842,828582,boston city schools,massachusetts,393426,23298.48,1308629,1313368,56168,2008
92,13002.261665671535,718622,130197,453974,439169,columbus city school district,ohio,341345,17850.441,986576,910711,55269,2008
93,9710.762861137846,534762,69870,351320,340273,san francisco unified school district,california,258139,13507.454,743842,668282,55069,2008
94,8644.480549115537,473536,91324,314405,151351,san antonio independent school district,texas,298733,10007.174,548183,541408,54779,2008
96,7878.583226280051,429304,43208,299791,296525,knox county school district,tennessee,147872,8982.5289,489458,487605,54490,2008
97,7606.632109113635,413816,20328,273788,269174,katy independent school district,texas,218887,12029.925,654452,508389,54402,2008
98,13171.901929171068,710769,19645,494280,630256,loudoun county schools,virginia,164990,15281.518,824606,814891,53961,2008
99,8227.222770709535,441662,21894,310495,455382,plano independent school district,texas,134561,11740.085,630243,611837,53683,2008
100,8414.8311722628,445843,11217,288892,300401,douglas county school district re,colorado,203468,11359.681,601870,515086,52983,2008
102,12392.982588661858,656258,127424,440940,248379,cleveland city school district,ohio,546741,16466.707,871978,922544,52954,2008
103,8547.83663873194,450830,44158,300320,263660,osceola county school district,florida,320426,10426.984,549940,628244,52742,2008
104,9202.95160953772,485152,55651,327128,247918,clayton county school district,georgia,264392,10298.462,542904,567961,52717,2008
105,7658.537981567348,401361,60684,267102,109706,cumberland county schools,north carolina,288445,8545.6332,447851,458835,52407,2008
106,7974.021759877839,417759,23800,291451,282932,capistrano unified school district,california,146857,8574.8044,449234,453589,52390,2008
108,8077.530104048946,414555,26997,279180,143420,corona norco unified school district,california,306419,9385.3708,481676,476836,51322,2008
109,8664.58443828943,441088,45335,300815,164863,forsyth county-winston salem schools,north carolina,295382,9830.2984,500431,505580,50907,2008
110,7892.80296313809,400615,45440,261637,154501,pasadena independent school district,texas,264859,10346.967,525181,464800,50757,2008
111,8556.016679512262,432943,19321,284368,270533,cherry creek school district,colorado,203803,9405.9406,475950,493657,50601,2008
112,13515.792842711688,675668,88718,380854,618240,atlanta public schools,georgia,162938,15459.943,772858,869896,49991,2008
121,8084.877911193488,401301,21186,274125,337980,lewisville independent school district,texas,136820,11192.763,555564,495986,49636,2008
122,13896.269831657986,688449,20014,471731,550883,howard county public schools,maryland,234350,15941.645,789781,805247,49542,2008
123,12515.095073377408,611450,61866,390547,194462,anchorage school district,alaska,394410,14192.746,693415,650738,48857,2008
124,8658.98806232979,422879,78215,279176,72999,brownsville independent school district,texas,322296,9806.9496,478942,473510,48837,2008
125,9382.502208798209,456637,41967,311884,104473,garden grove unified school district,california,321929,9657.1534,470004,468369,48669,2008
127,8656.396544631838,420874,25736,283131,228327,henrico county schools,virginia,220878,10607.61,515742,474941,48620,2008
128,10050.530487553153,486908,78196,322847,121584,sacramento city unified school district,california,345913,11559.138,559994,545693,48446,2008
129,9134.497414316522,436291,88496,279029,261370,omaha city school district,nebraska,195808,9936.0802,474577,545674,47763,2008
130,9140.928270042194,433280,40410,294438,136316,san juan unified school district,california,303399,10066.751,477164,480125,47400,2008
131,7357.346860479986,345192,20894,245592,179457,shelby county school district,tennessee,167253,8724.4554,409334,367604,46918,2008
0,19145.654,18795097,1817770,14419507,9307205,new york city school district,new york,10040718,23731.49,23296966,21165693,981690,2009
1,11107.628,7636872,1427027,5053027,1861177,los angeles unified school district,california,6407786,15332.338,10541504,9695990,687534,2009
2,10920.245,4602119,1182403,3061901,2332938,city of chicago school district,illinois,1512820,13154.36,5543642,5028161,421430,2009
3,9100.042,3144292,455555,2107368,2093165,miami-dade county public school district,florida,982432,11558.371,3993706,3531152,345525,2009
4,8119.5737,2539486,286412,1651498,2022816,clark county school district,nevada,869809,10520.912,3290531,3179037,312761,2009
6,9225.9129,2365072,252590,1583872,1422003,broward county school district,florida,838721,11825.973,3031600,2513314,256351,2009
7,9166.9871,1835460,288212,1196723,1301088,houston independent school district,texas,509180,10398.157,2081971,2098480,200225,2009
8,8569.0001,1645308,269224,1144715,783475,hillsborough county school district,florida,853212,10910.196,2094834,1905911,192007,2009
9,12399.497,2225437,392837,1475480,91889,hawaii department of education,hawaii,2205032,12918.971,2318671,2689758,179478,2009
10,8197.8497,1412137,162745,965135,1063827,orange county school district,florida,583956,10663.392,1836844,1810528,172257,2009
12,9295.5545,1587281,159995,1112269,1454049,palm beach county school district,florida,330892,12433.569,2123119,1944936,170757,2009
13,13210.324,2232941,94869,1525470,1815250,fairfax county schools,virginia,461033,14732.142,2490174,2371152,169030,2009
14,10827.907,1731025,326710,1022615,864614,philadelphia school district,pennsylvania,1479741,17276.999,2762022,2671065,159867,2009
15,9225.361,1451629,229315,967797,945399,dallas independent school district,texas,440876,10289.872,1619132,1615590,157352,2009
16,9493.0193,1492483,111335,1010014,859176,gwinnett county school district,georgia,695935,11948.238,1878490,1666446,157219,2009
18,15446.906,2151476,91702,1498380,1814037,montgomery county public schools,maryland,602349,16169.9,2252176,2508088,139282,2009
19,8208.9741,1136475,77473,776622,1139434,wake county schools,north carolina,728334,11532.754,1596629,1945241,138443,2009
20,8687.363,1173350,113623,783024,863860,charlotte-mecklenburg schools,north carolina,721807,11995.439,1620152,1699290,135064,2009
21,10080.458,1333201,200987,855344,781096,san diego city unified school district,california,529738,11209.488,1482522,1511821,132256,2009
22,13755.972,1760448,117996,1094159,734212,prince george's county public schools,maryland,1062593,15259.726,1952894,1914801,127977,2009
24,8592.7198,1053519,115263,710703,528992,duval county school district,florida,504021,10177.332,1247802,1148276,122606,2009
25,9178.484,1027568,150238,678517,448309,memphis city schools,tennessee,447301,10041.883,1124229,1045848,111954,2009
26,9471.0952,1011011,75246,722030,632119,cobb county school district,georgia,400107,10179.911,1086675,1107472,106747,2009
27,8905.3281,944508,100985,622965,655764,pinellas county school district,florida,311547,10874.421,1153352,1068296,106061,2009
28,12552.946,1295213,75829,837315,777671,baltimore county public schools,maryland,628953,13228.591,1364926,1482453,103180,2009
30,7053.3744,710169,54706,486861,470996,cypress-fairbanks independent school district,texas,335144,10213.726,1028369,860846,100685,2009
31,10280.571,1025744,112405,690498,683990,dekalb county school district,georgia,372248,11572.478,1154644,1168643,99775,2009
32,9955.5045,983345,119409,614537,518283,jefferson county school district,kentucky,457431,10766.173,1063418,1095123,98774,2009
33,12393.095,1209281,249063,735639,313482,detroit city school district,michigan,731678,13595.806,1326638,1294223,97577,2009
34,8786.0821,842884,103711,531855,182413,albuquerque public schools,new mexico,743864,12652.042,1213761,1029988,95934,2009
36,8611.9885,815185,97511,562793,374728,polk county school district,florida,442858,10270.408,972166,915097,94657,2009
37,7929.5955,705734,60016,477406,432975,northside independent school district,texas,321686,11623.843,1034522,814677,89000,2009
38,9991.7326,882260,64160,574581,685969,fulton county school district,georgia,293198,12788.91,1129248,1043327,88299,2009
39,9154.7155,801120,163484,525089,137759,long beach unified school district,california,605399,9968.6204,872344,906642,87509,2009
40,8595.304,738732,40579,482340,451382,jefferson county school district r-,colorado,361080,10161.974,873381,853041,85946,2009
42,13444.291,1147887,287789,722742,320452,milwaukee school district,wisconsin,631991,14430.787,1232115,1240232,85381,2009
43,9388.9055,783814,92541,506341,730098,austin independent school district,texas,244704,13313.681,1111466,1067343,83483,2009
44,14379.379,1182934,152921,784951,285646,baltimore city public schools,maryland,944414,16529.089,1359782,1382981,82266,2009
45,6042.7072,492390,70568,337679,245224,jordan school district,utah,315917,8193.7535,667668,631709,81485,2009
46,9037.4777,717883,71100,466146,626431,lee county school district,florida,160653,11283.619,896303,858184,79434,2009
54,8890.799,704907,111504,456713,351483,fort worth independent school district,texas,306878,10503.866,832799,769865,79285,2009
55,9415.1864,721401,144700,490196,103889,fresno unified school district,california,587359,10288.119,788286,835948,76621,2009
56,9685.394,719741,85967,471129,448361,davidson county school district,tennessee,205992,10742.357,798286,740320,74312,2009
57,9629.9182,714434,88281,431206,530652,denver school district,colorado,260721,11873.728,880900,879654,74189,2009
58,10459.285,773119,39731,498493,509195,prince william county schools,virginia,385743,12519.407,925397,934669,73917,2009
60,12585.258,926942,45403,621094,623991,anne arundel county public schools,maryland,361689,14733.168,1085142,1031083,73653,2009
61,8240.5948,602371,53392,420790,351782,brevard county school district,florida,270531,10908.561,797394,675705,73098,2009
62,9057.5455,660757,90906,428257,263467,guilford county schools,north carolina,391510,10521.007,767518,745883,72951,2009
63,10558.921,755533,54992,505217,388259,virginia beach city schools,virginia,387458,12291.766,879525,830709,71554,2009
64,7904.6436,556811,63278,358734,283159,greenville county school district,south carolina,341555,9682.2589,682028,687992,70441,2009
66,7911.6936,556556,56657,329452,266062,mesa unified school district,arizona,288647,8880.6329,624717,611366,70346,2009
67,6143.3458,431054,56596,300573,157020,granite school district,utah,280815,7238.7909,507917,494431,70166,2009
68,7693.6892,528618,35455,357793,319448,fort bend independent school district,texas,239623,9982.4038,685871,594526,68708,2009
69,8476.1021,566068,56762,370913,273322,pasco county school board,florida,316999,10525.186,702914,647083,66784,2009
70,6129.8976,408337,57822,277132,153764,davis county school district,utah,280590,8106.7493,540023,492176,66614,2009
72,8443.8177,552403,71010,356408,348794,washoe county school district,nevada,227903,10261.246,671301,647707,65421,2009
73,7859.1957,510274,41198,342461,291401,seminole county school district,florida,247937,9262.3716,601378,580536,64927,2009
74,8493.7275,538944,40396,368541,429814,north east independent school district,texas,185416,12501.481,793244,655626,63452,2009
75,7733.1271,487535,54829,336495,290144,arlington independent school district,texas,204849,8156.19,514207,549822,63045,2009
76,8227.1891,518461,53288,339702,361828,volusia county school district,florida,212481,10975.737,691669,627597,63018,2009
78,8836.689,552567,76629,337210,156845,mobile county school district,alabama,346746,9522.0451,595423,580220,62531,2009
79,8796.1073,548191,101448,375322,193652,el paso independent school district,texas,312274,10858.076,676697,607374,62322,2009
80,5657.9695,352384,53892,257018,140418,alpine school district,utah,248148,7927.5381,493735,442458,62281,2009
81,8642.717,537335,66400,361663,141471,elk grove unified school district,california,377154,9432.9763,586467,585025,62172,2009
82,8577.6257,527747,69548,336992,203341,aldine independent school district,texas,313333,10088.499,620705,586222,61526,2009
84,9258.5477,546995,26138,367355,298623,chesterfield county schools,virginia,313812,10611.341,626918,638573,59080,2009
85,8306.9496,487809,14609,304421,306341,douglas county school district,colorado,247282,10328.713,606533,568232,58723,2009
86,7717.5796,443838,46232,297747,196705,garland independent school district,texas,255575,8338.8802,479569,498512,57510,2009
87,8890.5448,510664,93784,354363,124428,santa ana unified school district,california,389998,10236.181,587956,608210,57439,2009
88,7963.2521,457019,60749,255448,214398,tucson unified school district,arizona,229125,9490.7041,544681,504272,57391,2009
90,13012.919,740357,17746,510446,593894,loudoun county schools,virginia,187462,16048.599,913069,799102,56894,2009
91,7653.1779,435175,25014,290465,301462,katy independent school district,texas,212300,9346.4352,531457,538776,56862,2009
92,18857.787,1054584,118739,697033,860047,boston city schools,massachusetts,254043,21380.04,1195636,1232829,55923,2009
93,7924.336,440078,43940,304175,266252,knox county school district,tennessee,154965,8599.6939,477584,465157,55535,2009
94,9989.8519,551270,97792,361287,429546,san francisco unified school district,california,196568,14096.171,777869,723906,55183,2009
96,9911.7072,542438,102481,343423,66596,san bernardino city unified school district,california,478476,12406.417,678966,647553,54727,2009
97,8553.4226,467838,103261,310217,163273,san antonio independent school district,texas,283687,9521.9394,520812,550221,54696,2009
98,8373.4343,454577,65174,319294,119714,cumberland county schools,north carolina,289458,9316.6814,505784,474346,54288,2009
99,8340.0919,452058,23785,317517,477425,plano independent school district,texas,136154,12590.115,682422,637364,54203,2009
100,12813.303,685973,110268,413172,445072,columbus city school district,ohio,339441,17337.324,928171,894781,53536,2009
107,8888.0089,470229,49670,331028,226347,forsyth county-winston salem schools,north carolina,297399,10721.676,567241,573416,52906,2009
108,7708.6426,406099,43032,288238,286319,capistrano unified school district,california,126215,8228.3176,433476,455566,52681,2009
109,7697.7061,401343,43869,272844,149769,corona norco unified school district,california,283970,9285.3197,484118,477608,52138,2009
110,8272.0202,429657,48462,284688,242343,osceola county school district,florida,209345,10917.503,567066,500150,51941,2009
111,8346.8727,430515,53924,277849,170549,pasadena independent school district,texas,264736,9528.9077,491482,489209,51578,2009
113,8862.2043,453736,19570,316519,281724,cherry creek school district,colorado,216648,9603.1563,491672,517942,51199,2009
114,8513.4618,427512,22703,292034,352031,lewisville independent school district,texas,128665,11279.393,566406,503399,50216,2009
115,13540.639,676382,128877,451228,228535,cleveland city school district,ohio,554610,18532.231,925722,912022,49952,2009
116,14649.153,731066,21029,489659,555354,howard county public schools,maryland,258725,16360.124,816452,835108,49905,2009
117,10225.378,506238,59270,337942,236421,clayton county school district,georgia,247709,11673.548,577934,543400,49508,2009
119,13898.372,681465,85634,380520,641467,atlanta public schools,georgia,130095,18213.269,893033,857196,49032,2009
120,9081.0353,444889,30446,299856,233634,henrico county schools,virginia,246179,11042.11,540964,510259,48991,2009
121,13093.106,639428,65775,391199,199037,anchorage school district,alaska,384905,15093.433,737118,649717,48837,2009
122,9097.7834,442034,81470,292766,65099,brownsville independent school district,texas,328575,12037.315,584857,475144,48587,2009
123,9090.6246,441568,61519,303163,93231,garden grove unified school district,california,302886,9381.7063,455707,457636,48574,2009
125,9782.1202,471058,91696,309617,124527,sacramento city unified school district,california,326280,11426.955,550265,542503,48155,2009
126,9620.1525,461902,74603,294249,259082,omaha city school district,nebraska,216843,10581.164,508044,550528,48014,2009
127,7269.7516,348919,26195,227050,249601,conroe independent school district,texas,147811,10695.912,513361,423607,47996,2009
128,7598.8872,360552,24776,253013,182968,shelby county school district,tennessee,173150,8542.5729,405328,380894,47448,2009
129,10901.968,515227,58211,325188,164194,wichita school district,kansas,360830,12359.522,584111,583235,47260,2009
0,19184.25,19453219,2047926,15021577,10600597,new york city school district,new york,8375172,24257.617,24597709,21023695,1014020,2010
1,10886.44,7302040,1354563,4811797,1917863,los angeles unified school district,california,5164166,14514.879,9735797,8436592,670746,2010
2,11595.91,4721359,1220298,3247427,2292402,city of chicago school district,illinois,1590857,13172.634,5363330,5103557,407157,2010
3,9017.006,3118117,625948,2121042,1920058,miami-dade county public school district,florida,896711,10609.504,3668809,3442717,345804,2010
4,8261.584,2536794,245314,1648002,1920029,clark county school district,nevada,872480,9942.9035,3053058,3037823,307059,2010
6,9290.27,2379582,414654,1616834,1356860,broward county school district,florida,776219,10977.461,2811734,2547733,256137,2010
7,9151.657,1855709,428684,1221822,1289518,houston independent school district,texas,447491,10724.49,2174637,2165693,202773,2010
8,8487.232,1640285,375324,1133404,700744,hillsborough county school district,florida,809690,10156.185,1962835,1885758,193265,2010
9,11753.94,2118013,382400,1406864,89156,hawaii department of education,hawaii,2093300,12294.712,2215458,2564856,180196,2010
10,8205.94,1421753,266478,968885,1013743,orange county school district,florida,526156,10341.425,1791745,1806377,173259,2010
12,9224.867,1594952,253911,1096426,1387817,palm beach county school district,florida,282276,11289.045,1951842,1924004,172897,2010
13,12553.51,2158653,144249,1483554,1795283,fairfax county schools,virginia,411280,13882.673,2387209,2350812,171956,2010
14,11416.61,1891664,556585,1152160,859639,philadelphia school district,pennsylvania,1415203,17807.175,2950542,2831427,165694,2010
15,9278.318,1477999,200541,985099,825412,gwinnett county school district,georgia,597195,10742.649,1711261,1623148,159296,2010
16,9073.183,1425497,336955,948319,1010412,dallas independent school district,texas,420867,10763.32,1691036,1768234,157111,2010
18,15581.97,2208308,139787,1550510,1933827,montgomery county public schools,maryland,616444,18200.096,2579354,2690058,141722,2010
19,7727.18,1086117,122009,738957,1275600,wake county schools,north carolina,664034,9758.7757,1371674,2061643,140558,2010
20,8291.555,1135686,169887,756425,1483014,charlotte-mecklenburg schools,north carolina,644107,11168.892,1529792,2297008,136969,2010
21,9668.68,1270629,199441,821468,728765,san diego city unified school district,california,476872,11388.306,1496617,1405078,131417,2010
22,14019.5,1781024,184171,1120706,750233,prince george's county public schools,maryland,978543,15325.152,1946892,1912947,127039,2010
24,8906.53,1091816,191695,739292,531749,duval county school district,florida,455930,10001.338,1226024,1179374,122586,2010
25,9450.86,1032979,183453,706051,466186,memphis city schools,tennessee,443364,10549.817,1153095,1093003,109300,2010
26,9103.389,976293,131148,703227,610832,cobb county school district,georgia,360200,9888.8899,1060534,1102180,107245,2010
27,8782.55,924258,156035,618608,608512,pinellas county school district,florida,274836,10635.93,1119304,1039383,105238,2010
28,7280.751,758880,128544,525225,491720,cypress-fairbanks independent school district,texas,323807,10096.651,1052384,944071,104231,2010
30,13260.2,1370097,112954,903079,822011,baltimore county public schools,maryland,612152,14851.012,1534466,1547117,103324,2010
31,10012.55,995308,164684,671794,650513,dekalb county school district,georgia,344000,11628.393,1155932,1159197,99406,2010
32,10311.87,1018896,155681,648692,528737,jefferson county school district,kentucky,439992,11184.995,1105167,1124410,98808,2010
33,8973.046,866545,170302,544420,184685,albuquerque public schools,new mexico,666792,11518.121,1112328,1021779,96572,2010
34,8670.009,819576,159860,561751,327788,polk county school district,florida,426979,9966.6244,942145,914627,94530,2010
36,8206.866,757781,112713,522019,459704,northside independent school district,texas,311901,10968.928,1012816,884318,92335,2010
37,12800.55,1158437,287377,725678,279723,detroit city school district,michigan,615158,14582.957,1319743,1182258,90499,2010
38,9824.113,888090,108858,586771,718103,fulton county school district,georgia,273970,11082.49,1001846,1100931,90399,2010
39,8948.008,772061,159039,517732,144851,long beach unified school district,california,553846,9910.1793,855080,857736,86283,2010
40,8856.667,764171,54309,497700,448170,jefferson county school district r-,colorado,376219,10333.986,891637,878698,86282,2010
42,9498.039,804256,150853,526749,756072,austin independent school district,texas,150544,12725.625,1077555,1057469,84676,2010
43,14711.01,1219043,213503,804927,240227,baltimore city public schools,maryland,893891,16470.314,1364829,1347621,82866,2010
44,14038.34,1152492,259642,718907,336289,milwaukee school district,wisconsin,672974,15355.961,1260663,1268905,82096,2010
45,8789.97,707452,116122,457428,543749,lee county school district,florida,162118,10390.922,836303,821989,80484,2010
46,8640.863,693075,186710,454218,361961,fort worth independent school district,texas,288309,11290.03,905562,836980,80209,2010
55,9930.112,767270,129150,468411,561114,denver school district,colorado,266939,13011.7,1005375,957203,77267,2010
56,10187.96,783057,82062,503294,484017,prince william county schools,virginia,349060,12119.332,931504,915139,76861,2010
57,9421.847,711048,140326,479652,109380,fresno unified school district,california,493215,10317.194,778618,742921,75468,2010
58,9874.946,741411,108342,485503,443777,nashville davidson county schools,tennessee,212066,11042.022,829035,764185,75080,2010
59,12726.73,951654,65752,641805,630793,anne arundel county public schools,maryland,367395,14636.675,1094472,1063940,74776,2010
61,8974.985,653002,97842,418913,564012,guilford county schools,north carolina,347915,10474.903,762133,1009769,72758,2010
62,7993.371,578816,95693,399955,318756,brevard county school district,florida,252241,9198.3649,666072,666690,72412,2010
63,10266.82,730813,85383,493999,375082,virginia beach city schools,virginia,331704,11735.298,835342,792169,71182,2010
64,7688.244,545627,88847,344119,269824,greenville county school district,south carolina,314960,9501.3738,674303,673631,70969,2010
65,7818.26,542384,71085,374230,338639,fort bend independent school district,texas,215003,10123.49,702307,624727,69374,2010
67,6089.191,418979,77873,291369,153147,granite school district,utah,264637,7318.8338,503587,495657,68807,2010
68,5798.997,394326,57424,265740,154456,davis county school district,utah,262994,7370.1231,501161,474874,67999,2010
69,7989.595,539066,94625,324680,236416,mesa unified school district,arizona,260949,8569.6373,578202,591990,67471,2010
70,8536.226,573182,99204,371789,255164,pasco county school board,florida,296876,10433.243,700561,651244,67147,2010
71,8535.023,559027,75607,383169,414129,north east independent school district,texas,193738,12612.996,826126,683474,65498,2010
73,8571.794,555778,63239,347622,331911,washoe county school district,nevada,232018,9819.3498,636667,627168,64838,2010
74,5528.477,357792,53525,259637,141715,alpine school district,utah,250771,7472.4033,483599,446011,64718,2010
75,7909.784,509841,74212,343838,261258,seminole county school district,florida,231764,8871.294,571817,567234,64457,2010
76,7825.098,496792,103956,349260,268652,arlington independent school district,texas,189902,8595.6338,545711,562510,63487,2010
77,9048.123,573452,137988,396438,191351,el paso independent school district,texas,316859,10410.568,659801,646198,63378,2010
79,8648.808,543076,126579,358505,192677,aldine independent school district,texas,300267,10098.468,634103,619523,62792,2010
80,8720.314,547348,117344,339305,165719,mobile county school district,alabama,308995,9264.741,581520,592058,62767,2010
81,8392.57,524393,60553,359161,112507,elk grove unified school district,california,368985,9325.5445,582688,542045,62483,2010
82,8358.231,520768,97893,338848,319188,volusia county school district,florida,201234,10137.467,631625,618315,62306,2010
83,12031.04,721899,35587,496155,679109,loudoun county schools,virginia,173943,13479.259,808796,888639,60003,2010
85,7813.288,468266,15508,299010,313016,douglas county school district re,colorado,263765,9720.4165,582564,592289,59932,2010
86,8971.365,533877,66045,361502,265015,chesterfield county schools,virginia,269175,9890.1847,588555,600235,59509,2010
87,7958.326,470162,54058,316356,325405,katy independent school district,texas,199095,9081.0962,536493,578558,59078,2010
88,7758.213,448898,76285,303728,188863,garland independent school district,texas,258508,8492.9227,491409,523656,57861,2010
89,8570.49,487978,95127,334383,128575,santa ana unified school district,california,326054,9928.0784,565275,549756,56937,2010
91,7879.594,447230,57781,314004,279039,knox county school district,tennessee,156058,8504.0699,482674,492878,56758,2010
92,19169.13,1061414,124894,717468,759869,boston city school,massachusetts,334347,21646.512,1198589,1219110,55371,2010
93,8331.665,461316,93748,249573,226960,tucson unified school district,arizona,199381,9531.9222,527773,520089,55369,2010
94,8945.325,494918,156988,327438,160228,san antonio independent school district,texas,262620,10035.588,555239,579836,55327,2010
95,10402.06,573570,81347,384228,465821,san francisco unified school district,california,144206,14459.195,797280,691374,55140,2010
97,8348.805,458675,47204,323213,473941,plano independent school district,texas,85211,12074.046,663336,606356,54939,2010
98,9657.707,519942,100616,329240,52160,san bernardino city unified school district,california,496658,11111.968,598235,649434,53837,2010
99,7185.477,383568,29937,270290,275458,capistrano unified school district,california,87127,7481.3136,399360,392522,53381,2010
100,8579.296,455003,85256,314280,181721,cumberland county schools,north carolina,264619,9618.6292,510124,531596,53035,2010
101,13697.5,723365,145476,440159,475225,columbus city school district,ohio,325765,17418.917,919893,946466,52810,2010
109,9056.103,478117,71570,329798,255799,forsyth county-winston salem schools,north carolina,269787,11289.952,596053,597156,52795,2010
110,8516.108,445418,102729,292958,155955,pasadena independent school district,texas,268445,9240.1583,483288,527129,52303,2010
111,8284.067,431923,78792,288832,210527,osceola county school district,florida,200873,10294.194,536729,490192,52139,2010
112,7662.414,398844,40837,271154,128021,corona norco unified school district,california,258727,9080.4772,472657,427585,52052,2010
113,9043.583,468331,26082,331519,283819,cherry creek school district,colorado,228003,11341.057,587308,537904,51786,2010
115,8389.752,426535,44973,293298,356570,lewisville independent school district,texas,124568,12819.552,651746,526111,50840,2010
116,14703.87,744619,30817,517404,561801,howard county public schools,maryland,261327,16394.739,830246,853945,50641,2010
117,9294.837,466638,80237,310495,226189,clayton county school district,georgia,211057,10832.125,543816,517483,50204,2010
118,7390.114,366764,49436,243899,265690,conroe independent school district,texas,144843,9625.7027,477714,459969,49629,2010
119,13416.19,665336,89922,409171,213060,anchorage school district,alaska,383161,15224.512,755014,686143,49592,2010
121,8878.741,438672,39696,297329,245055,henrico county schools,virginia,213687,10939.725,540499,498438,49407,2010
122,9385.374,461019,109945,303616,58457,brownsville independent school district,texas,315460,11002.382,540448,483862,49121,2010
123,15042.5,735714,102638,407157,613700,atlanta public schools,georgia,111723,19233.679,940700,828061,48909,2010
124,10678.94,519979,108763,355638,260648,omaha city school district,nebraska,210758,11196.377,545174,580169,48692,2010
125,5848.401,283396,36521,194117,134644,jordan school district,utah,188419,8326.248,403465,359584,48457,2010
127,13962.92,675694,163912,453137,210891,cleveland city school district,ohio,522780,19354.067,936582,897583,48392,2010
128,10694.95,516823,98393,317510,163967,wichita unified school district,kansas,319287,13220.263,638856,581647,48324,2010
129,7722.635,372316,31716,260907,180715,shelby county school district,tennessee,177185,8549.6049,412185,389616,48211,2010
130,8954.202,429354,63185,294385,96191,garden grove unified school district,california,262566,9423.9208,451877,421942,47950,2010
131,9495.949,454761,87731,302665,109604,sacramento city unified school district,california,284323,10529.129,504240,481658,47890,2010
0,19770.19,19677991,3120314,15165440,10936272,new york city school district,new york,8594973,23996.349,23884430,22651559,995336,2011
1,10816.04,7217255,1535645,4906009,2148323,los angeles unified school district,california,5761507,13993.142,9337246,9445475,667273,2011
2,11930.93,4839711,1118967,3271308,2510008,city of chicago school district,illinois,2032469,14109.194,5723310,5661444,405644,2011
3,9058.825,3146728,663341,2171776,1725247,miami-dade county public school district,florida,1069929,10398.128,3611956,3458517,347366,2011
4,8269.847,2597220,311131,1692261,1734372,clark county school district,nevada,882243,9625.1278,3022858,2927746,314059,2011
6,8966.982,2299780,439868,1541727,1148174,broward county school district,florida,889729,10134.623,2599247,2477771,256472,2011
7,8983.73,1834882,408408,1208914,1280666,houston independent school district,texas,532511,11243.849,2296500,2221585,204245,2011
8,8760.899,1704214,424200,1184594,638603,hillsborough county school district,florida,885131,10136.193,1971743,1947934,194525,2011
9,12004.39,2156001,347363,1325746,63280,hawaii department of education,hawaii,2088870,12578.46,2259104,2499513,179601,2011
10,8317.076,1463872,311541,1000668,959056,orange county school district,florida,618508,10422.447,1834434,1889105,176008,2011
12,9264.308,1618132,296851,1115853,1274289,palm beach county school district,florida,351371,10545.307,1841875,1922511,174663,2011
13,12499.33,2180872,136207,1491946,1775821,fairfax county public schools,virginia,459742,14161.739,2470926,2371770,174479,2011
14,11636.7,1934404,636770,1182795,848447,philadelphia school district,pennsylvania,1411582,18907.07,3142979,2896799,166233,2011
15,9226.16,1483050,165617,964518,775415,gwinnett county school district,georgia,722027,10092.818,1622360,1663059,160744,2011
16,9561.35,1502681,353634,974596,934377,dallas independent school district,texas,448983,12987.16,2041088,1736994,157162,2011
18,7713.913,1112138,145597,760867,359546,wake county schools,north carolina,678165,9273.3313,1336964,1183308,144173,2011
19,15421.24,2221014,165503,1560541,1855119,montgomery county public schools,maryland,666593,17336.05,2496790,2687215,144023,2011
20,8050.127,1094447,179719,712880,550195,charlotte-mecklenburg schools,north carolina,648832,9781.8306,1329879,1378746,135954,2011
21,9504.776,1252587,216241,803570,703017,san diego city unified school district,california,554916,11271.313,1485390,1474174,131785,2011
22,13775.4,1744944,246936,1099412,735817,prince george's county public schools,maryland,927357,15603.887,1976560,1910110,126671,2011
24,8986.959,1114356,224407,755873,515083,duval county school district,florida,470953,10061.784,1247631,1210443,123997,2011
25,9499.168,1062330,232924,714961,475691,memphis city schools,tennessee,461795,10619.23,1187591,1170410,111834,2011
26,8830.769,947674,107963,678291,606786,cobb county school district,georgia,409898,10141.63,1088349,1124647,107315,2011
27,7271.883,771525,130329,537599,481881,cypress-fairbanks independent school district,texas,340795,9270.5449,983577,953005,106097,2011
28,13251.59,1380286,138275,904305,807655,baltimore county public schools,maryland,609619,14761.713,1537580,1555549,104160,2011
30,9062.903,942551,175861,635077,550290,pinellas county school district,florida,310156,10276.113,1068726,1036307,104001,2011
31,10028.61,983958,136572,655028,614077,dekalb county school district,georgia,375688,11356.072,1114201,1126337,98115,2011
32,10988.77,1069548,201021,677173,550780,jefferson county school district,kentucky,453116,12069.711,1174757,1204917,97331,2011
33,8066.875,771040,110664,534707,469669,northside independent school district,texas,347503,10246.639,979384,927836,95581,2011
34,8661.866,826472,138297,518966,182156,albuquerque public schools,new mexico,686011,10708.662,1021767,1006464,95415,2011
36,9021.496,858648,182192,595277,303897,polk county school district,florida,450251,10471.485,996655,936340,95178,2011
37,9176.793,843017,93481,565467,714136,fulton county school district,georgia,311031,10481.44,962867,1118648,91864,2011
38,8815.117,757915,76726,494110,445595,jefferson county school district no. r-,colorado,334813,9694.123,833491,857134,85979,2011
39,9431.917,808287,155833,528071,757426,austin independent school district,texas,183304,12368.683,1059959,1096563,85697,2011
40,8699.488,737821,149698,502914,152614,long beach unified school district,california,549490,9902.1011,839817,851802,84812,2011
42,15482.93,1297470,279303,848657,268781,baltimore city public schools,maryland,892935,17329.224,1452189,1441019,83800,2011
43,8987.982,736718,142228,479548,491541,lee county school district,florida,193442,10058.084,824431,827211,81967,2011
44,9105.326,743459,181849,485333,352225,fort worth independent school district,texas,301792,12610.88,1029691,835866,81651,2011
45,14243.75,1152804,265333,751839,339418,milwaukee school district,wisconsin,706087,16045.432,1298621,1310838,80934,2011
46,9835.479,780524,72626,498657,470510,prince william county public schools,virginia,359029,11927.191,946518,902165,79358,2011
54,9800.385,772094,130054,511857,464709,nashville davidson county schools,tennessee,227502,10842.337,854181,822265,78782,2011
55,10468.11,820062,161894,482869,576416,denver school district,colorado,237903,14064.17,1101773,976213,78339,2011
56,13415.85,1043177,451471,666344,237594,detroit city school district,michigan,561782,18533.148,1441082,1250847,77757,2011
57,13019.23,982705,78339,665968,663991,anne arundel county public schools,maryland,360457,15174.256,1145368,1102787,75481,2011
58,9263.025,693180,139750,467705,106504,fresno unified school district,california,522298,10285.836,769720,768552,74833,2011
60,8683.71,635691,96060,410035,348177,guilford county schools,north carolina,350991,10311.154,754828,795228,73205,2011
61,7514.68,540531,82614,335854,292853,greenville county school district,south carolina,325636,9119.6997,655980,701103,71930,2011
62,8163.637,586688,108726,407927,273325,brevard county school district,florida,283017,8917.1235,640838,665068,71866,2011
63,10311.04,733992,88488,496033,370188,virginia beach city public schools,virginia,311064,11864.115,844547,769740,71185,2011
64,6009.331,421152,68178,295161,162216,granite school district,utah,243842,7648.474,536028,474236,70083,2011
66,7556.941,521036,55659,357687,345313,fort bend independent school district,texas,222384,9334.4695,643593,623356,68948,2011
67,5900.936,398030,51425,268739,163006,davis county school district,utah,240514,7339.5007,495064,454945,67452,2011
68,5360.829,359583,48206,255935,149485,alpine school district,utah,238928,6547.7667,439198,436619,67076,2011
69,8767.352,587360,115324,385663,242252,pasco county school board,florida,308518,9736.1405,652263,666094,66994,2011
70,8406.206,559887,74207,380222,406158,north east independent school district,texas,205551,10618.536,707237,685916,66604,2011
72,7530.058,490380,105472,300072,278927,mesa unified school district,arizona,226297,8400.3655,547057,610696,65123,2011
73,7779.092,501627,117878,351488,265974,arlington independent school district,texas,207768,8966.0691,578168,591620,64484,2011
74,8487.232,546408,71782,340718,326534,washoe county school district,nevada,220100,9634.9953,620301,618416,64380,2011
75,8296.58,533719,95837,359722,191635,el paso independent school district,texas,308398,9031.5094,580997,595870,64330,2011
76,8195.036,526359,89063,359026,242018,seminole county school district,florida,246450,8792.4769,564732,577531,64229,2011
78,8498.321,536703,116869,355371,179310,aldine independent school district,texas,306953,9908.2243,625744,603132,63154,2011
79,11675.27,737200,37168,505779,673239,loudoun county public schools,virginia,206991,14279.133,901613,917398,63142,2011
80,7830.614,489061,64944,332716,123259,elk grove unified school district,california,392077,8521.5275,532212,580280,62455,2011
81,8749.016,542579,110840,330131,158081,mobile county school district,alabama,318759,9376.29,581480,587680,62016,2011
82,8475.316,521732,104082,345861,294214,volusia county school district,florida,210594,9846.9273,606167,608890,61559,2011
84,7547.645,463916,34224,292190,318891,douglas county school district re,colorado,244262,8729.2606,536544,597377,61465,2011
85,8033.879,488484,56482,328224,328030,katy independent school district,texas,214508,10544.167,641117,599020,60803,2011
86,8420.91,498880,44087,333373,262349,chesterfield county public schools,virginia,256860,9353.24,554114,563296,59243,2011
87,7589.82,440035,58015,302661,262975,knox county school district,tennessee,159097,8239.9227,477726,480087,57977,2011
88,7884.702,455996,93503,309384,183536,garland independent school district,texas,268384,8673.3526,501606,545423,57833,2011
90,9064.934,519593,105933,360300,119703,santa ana unified school district,california,423317,10725.728,614788,648953,57319,2011
91,19180.59,1074823,151199,733814,774129,boston city schools,massachusetts,325583,21871.264,1225600,1250911,56037,2011
92,9838.8,546752,82824,360011,433596,san francisco unified school district,california,168042,13600.763,755808,684462,55571,2011
93,8430.319,468456,56088,330167,474146,plano independent school district,texas,103322,11914.087,662042,633556,55568,2011
94,9041.802,498348,155469,327175,159880,san antonio independent school district,texas,262694,10375.064,571832,578043,55116,2011
96,9289.684,506455,95741,317080,48693,san bernardino city unified school district,california,456226,11123.904,606453,600660,54518,2011
97,8603.631,459150,70338,318656,264531,forsyth county-winston salem schools,north carolina,256078,10434.407,556853,590947,53367,2011
98,8362.895,446219,91019,304461,186810,osceola county school district,florida,231919,10347.433,552108,509748,53357,2011
99,8167.651,435393,89294,299648,151014,cumberland county schools,north carolina,261340,8978.802,478633,501648,53307,2011
100,8201.726,436947,86179,218242,248374,tucson unified school district,arizona,188104,9669.2069,515127,522657,53275,2011
108,7240.562,385140,29877,270095,269650,capistrano unified school district,california,116954,7609.8849,404785,416481,53192,2011
109,7213.4,383385,53014,261130,117970,corona norco unified school district,california,321898,8989.9151,477805,492882,53149,2011
110,9023.089,471294,42944,335635,289099,cherry creek school district,colorado,205212,11088.183,579158,537255,52232,2011
111,8548.967,446410,96482,289679,146069,pasadena independent school district,texas,263595,9159.0639,478268,506146,52218,2011
112,8485.801,436883,51783,301123,349769,lewisville independent school district,texas,145955,11215.718,577430,547507,51484,2011
114,7347.488,375971,52409,249375,275263,conroe independent school district,texas,145180,10099.707,516802,472852,51170,2011
115,14213.4,726788,175203,441681,458113,columbus city school district,ohio,346719,17917.081,916172,980035,51134,2011
116,15139.42,772020,39988,547068,587153,howard county public schools,maryland,263585,16925.266,863087,890726,50994,2011
117,8623.098,434311,64312,291821,209036,clayton county school district,georgia,227072,8996.5453,453120,500420,50366,2011
118,5521.139,276322,36432,186589,128520,jordan school district,utah,174052,6825.9271,341624,339004,50048,2011
120,9477.816,472744,117817,315542,57871,brownsville independent school district,texas,328668,10748.411,536120,504356,49879,2011
121,14482.82,721187,103765,386625,517952,atlanta public schools,georgia,135631,18907.884,941537,757348,49796,2011
122,10709.56,529106,130856,357838,300721,omaha city school district,nebraska,188449,11371.076,561788,620026,49405,2011
123,8756.401,432610,45035,291312,316138,henrico county public schools,virginia,200929,10385.73,513107,562102,49405,2011
124,10419.67,513992,98180,323155,161395,wichita unified school district,kansas,326792,14676.458,723975,586367,49329,2011
126,14438.58,710465,114561,448605,210723,anchorage school district,alaska,407204,15622.546,768723,732488,49206,2011
127,8466.717,411982,62943,280931,94436,garden grove unified school district,california,293712,8769.3541,426708,451091,48659,2011
128,9682.255,463751,101180,312351,107631,sacramento city unified school district,california,303514,10454.726,500750,512325,47897,2011
129,11154.45,532458,68850,335777,302645,seattle school district,washington,307730,14245.962,680031,679225,47735,2011
130,7917.201,377698,35054,262062,183074,shelby county school district,tennessee,180615,9350.1656,446059,398743,47706,2011
