,Name of reporting district,State,Total students ,Total revenues,Federal revenues,State revenues,Local revenues,Current expenditures  ,Instructional-related current expenditures,"Current 
expenditures
per pupil",Total expenditures,"Total
expenditures
per pupil",Year
0,New York City School District,New York,989941,19885693,1785145,9335189,8765359,17742868,13579095,17923.157036631477,21848614,22070.622,2008.0
1,Los Angeles Unified School District,California,693680,9551053,1053853,6660389,1836811,7878168,5369564,11357.063775804405,10244106,14767.769,2008.0
2,City Of Chicago School District 299,Illinois,407510,4844616,808902,1845925,2189789,4235025,2843497,10392.444357193688,4941544,12126.191,2008.0
3,Miami-Dade County Public School District,Florida,348128,3959408,427479,1431109,2100820,3457902,2315134,9932.84653920397,4624086,13282.718,2008.0
4,Clark County School District,Nevada,309051,3111868,196022,852790,2063056,2486063,1599505,8044.183646064889,3664948,11858.716,2008.0
5,Broward County School District,Florida,258893,2874695,233523,1132545,1508627,2339595,1551639,9036.918727041673,2995075,11568.776,2008.0
6,Houston Independent School District 912,Texas,199534,2059689,267705,597926,1194058,1716764,1106808,8603.867010133612,1968836,9867.1705,2008.0
7,Hillsborough County School District,Florida,193180,2068665,247129,1034236,787300,1613384,1113859,8351.713427891085,2112627,10936.054,2008.0
8,Hawaii Public Schools,Hawaii,179897,2541703,310732,2154313,76658,2122779,1359347,11799.968871076228,2242408,12464.955,2008.0
9,Orange County School Board,Florida,174142,1974283,155268,726790,1092225,1524737,1042541,8755.710856657211,2031946,11668.328,2008.0
10,Philadelphia School District,Pennsylvania,172704,2567483,311595,1368208,887680,1623187,937052,9398.664767463406,2830437,16388.949,2008.0
11,Palm Beach County School District,Florida,170883,2183132,138401,494375,1550356,1605194,1106702,9393.526564959651,2324872,13605.051,2008.0
12,Fairfax County Schools,Virginia,165722,2313386,87266,456974,1769146,2199910,1501261,13274.70100529803,2466402,14882.768,2008.0
13,Dallas Independent School District 905,Texas,157804,1613014,216482,473768,922764,1457429,986852,9235.691110491496,1695717,10745.716,2008.0
14,Gwinnett County School District,Georgia,155618,1764516,95838,789298,879380,1489304,1022600,9570.255368916192,1889054,12139.046,2008.0
15,Montgomery County Schools,Maryland,137717,2604887,93751,564940,1946196,2066022,1433552,15001.938758468454,2480429,18011.059,2008.0
16,Wake County Schools,North Carolina,133649,1264960,68546,691684,504730,1030073,695737,7707.300466146398,1447518,10830.743,2008.0
17,San Diego City Unified School District,California,131577,1560549,144969,623080,792500,1355940,863079,10305.296518388472,1518381,11539.866,2008.0
18,Charlotte-Mecklenburg Schools,North Carolina,130979,1345133,105771,690492,548870,1062880,682134,8114.88864627154,1341285,10240.458,2008.0
19,Prince Georges County Schools,Maryland,129752,1926633,117772,1039575,769286,1757026,1077527,13541.417473333744,1990476,15340.619,2008.0
20,Duval County School District,Florida,124740,1238175,106117,577864,554194,1079389,735878,8653.110469777137,1251694,10034.424,2008.0
21,Memphis City Schools,Tennessee,115342,1119814,160100,441915,517799,1024956,679740,8886.233982417507,1148578,9958.0205,2008.0
22,Pinellas County School District,Florida,107892,1211026,94072,454583,662371,966587,638052,8958.838468097727,1125639,10433.016,2008.0
23,Detroit Public School District,Michigan,107874,1317526,168009,814536,334981,1296236,752375,12016.204089956802,1432456,13278.974,2008.0
24,Cobb County School District,Georgia,107307,1157791,66790,450898,640103,1011702,732211,9428.108138332076,1150565,10722.18,2008.0
25,Baltimore County Schools,Maryland,104283,1518801,81477,644803,792521,1263668,824381,12117.679775227027,1331971,12772.657,2008.0
26,Dekalb County School District,Georgia,100273,1245461,83281,448301,713879,1059607,715201,10567.221485345008,1167205,11640.272,2008.0
27,Cypress-Fairbanks Independent School District 907,Texas,96837,792371,43607,314951,433813,691201,474174,7137.777915466196,948922,9799.1677,2008.0
28,Albuquerque School District,New Mexico,95965,999503,87819,742891,168793,802455,504779,8361.954879383109,1002803,10449.674,2008.0
29,Jefferson County School District,Kentucky,95871,1087693,114025,455522,518146,955482,601987,9966.3297556091,1042775,10876.855,2008.0
30,Polk County School District,Florida,93980,1250657,82891,611812,555954,1017453,758602,10826.271547137689,1198317,12750.766,2008.0
31,Long Beach Unified School District,California,88186,914366,130977,660542,122847,850615,568479,9645.692059964167,921942,10454.517,2008.0
32,Milwaukee City School District,Wisconsin,86819,1187218,186192,707164,293862,1103006,697993,12704.661422038955,1180778,13600.456,2008.0
33,Northside Independent School District 915,Texas,86260,766936,57934,318919,390083,673741,456378,7810.584280083469,960981,11140.517,2008.0
34,Fulton County School District,Georgia,86225,1068153,45181,309750,713222,886651,600606,10282.992171643955,1105728,12823.752,2008.0
35,Jefferson County School District R-1,Colorado,86168,858375,40484,346754,471137,714118,468832,8287.508123665399,881642,10231.664,2008.0
36,Jordan School District,Utah,85651,635282,45641,333609,256032,455306,315908,5315.828186477683,601025,7017.1393,2008.0
37,Austin Independent School District 901,Texas,82564,970089,85664,231489,652936,745978,482385,9035.14849086769,1002912,12147.086,2008.0
38,Baltimore City Schools,Maryland,81284,1397983,162776,937373,297834,1154284,774067,14200.629890261305,1373259,16894.579,2008.0
39,Lee County School District,Florida,80541,980391,67054,220143,693194,701153,440066,8705.54127711352,945972,11745.223,2008.0
40,Fort Worth Independent School District 905,Texas,78857,725234,96921,316310,312003,679641,434468,8618.651483064281,741991,9409.3232,2008.0
41,Fresno Unified School District,California,76460,838633,123361,590206,125066,768663,529797,10053.138896154853,866597,11333.992,2008.0
42,Granite School District,Utah,75982,505372,58887,289476,157009,412839,287441,5433.378958174304,483481,6363.0992,2008.0
43,Brevard County School District,Florida,74369,747371,51979,330491,364901,627018,436342,8431.17427960575,885106,11901.545,2008.0
44,Nashville Davidson County Schools,Tennessee,73715,740835,78816,200955,461064,678154,439516,9199.674421759479,814449,11048.62,2008.0
45,Anne Arundel County Schools,Maryland,73400,1003238,45951,323201,634086,877288,588165,11952.152588555859,1019185,13885.354,2008.0
46,Denver School District 1,Colorado,73053,861239,93657,239598,527984,1151102,724476,15757.080475818926,1236973,16932.542,2008.0
47,Mesa Unified School District,Arizona,73044,635243,55855,330173,249215,542481,344356,7426.770165927386,603146,8257.297,2008.0
48,Prince William County Schools,Virginia,72988,878492,34356,366747,477389,756805,492558,10368.896256918946,919640,12599.879,2008.0
49,Virginia Beach City Schools,Virginia,72477,808886,61932,377236,369718,749676,504471,10343.640051326627,863097,11908.564,2008.0
50,Guilford County Schools,North Carolina,70960,716338,67308,382482,266548,605653,388916,8535.132468996619,742346,10461.471,2008.0
51,Davis County School District,Utah,70323,485031,40386,305454,139191,391263,265596,5563.798472761401,486371,6916.2436,2008.0
52,Greenville County School District,South Carolina,69444,684420,55081,367719,261620,557779,355470,8032.069005241634,733942,10568.832,2008.0
53,Fort Bend Independent School District 907,Texas,67992,571456,29488,252517,289451,519209,347217,7636.324861748441,644932,9485.41,2008.0
54,Pasco County School Board,Florida,66314,713902,55039,378537,280326,557214,356811,8402.660071779716,750287,11314.157,2008.0
55,Washoe County School District,Nevada,65663,618949,45021,208833,365095,537291,344900,8182.553340541857,612202,9323.3937,2008.0
56,Seminole County School District,Florida,65378,633500,40109,297872,295519,529379,357008,8097.20395239989,626787,9587.1241,2008.0
57,Volusia County School District,Florida,64488,713726,51040,260755,401931,564674,374448,8756.2647314229,748410,11605.415,2008.0
58,Mobile County School District,Alabama,64375,618181,75127,376648,166406,582585,354871,9049.864077669903,631547,9810.4388,2008.0
59,Alpine School District,Utah,63856,428596,35566,256479,136551,327145,238954,5123.167752442997,437952,6858.4315,2008.0
60,Arlington Independent School,Texas,62863,537280,49128,215190,272962,482911,333377,7681.959181076309,512321,8149.802,2008.0
61,Elk Grove Unified School District,California,62294,596705,39960,396509,160236,532880,362820,8554.274890037565,593789,9532.0416,2008.0
62,North East Independent School District 910,Texas,62181,661970,33815,200974,427181,517876,354183,8328.52479053087,684814,11013.236,2008.0
63,El Paso Independent School District 902,Texas,62123,583899,87626,314657,181616,535196,364400,8615.10229705584,593807,9558.5693,2008.0
64,Aldine Independent School District 902,Texas,60083,559919,68093,304002,187824,497157,314155,8274.503603348701,584369,9726.029,2008.0
65,Tucson Unified School District 1,Arizona,59327,545561,63503,271967,210091,471360,264048,7945.117737286564,572557,9650.8672,2008.0
66,Chesterfield County Schools,Virginia,58969,609461,24364,287533,297564,532178,359722,9024.707897369804,639911,10851.651,2008.0
67,DC Public Schools,District of Columbia,58191,1224312,85568,†,1138744,849259,450537,14594.33589386675,1224785,21047.671,2008.0
68,Garland Independent School District 909,Texas,57169,482310,38863,247658,195789,436329,290813,7632.26573842467,483102,8450.4189,2008.0
69,Santa Ana Unified School District,California,57061,564867,69466,366775,128626,544084,374976,9535.129072396208,594552,10419.586,2008.0
70,San Bernardino City Unified School District,California,56727,797791,73382,657628,66781,553930,363083,9764.838613006152,685268,12080.103,2008.0
71,Boston City Schools,Massachusetts,56168,1313368,91360,393426,828582,1141536,784842,20323.600626691354,1308629,23298.48,2008.0
72,Columbus City School District,Ohio,55269,910711,130197,341345,439169,718622,453974,13002.261665671535,986576,17850.441,2008.0
73,San Francisco Unified School District,California,55069,668282,69870,258139,340273,534762,351320,9710.762861137846,743842,13507.454,2008.0
74,San Antonio Independent School District 907,Texas,54779,541408,91324,298733,151351,473536,314405,8644.480549115537,548183,10007.174,2008.0
75,Knox County School District,Tennessee,54490,487605,43208,147872,296525,429304,299791,7878.583226280051,489458,8982.5289,2008.0
76,Katy Independent School District 914,Texas,54402,508389,20328,218887,269174,413816,273788,7606.632109113635,654452,12029.925,2008.0
77,Loudoun County Schools,Virginia,53961,814891,19645,164990,630256,710769,494280,13171.901929171068,824606,15281.518,2008.0
78,Plano Independent School District 910,Texas,53683,611837,21894,134561,455382,441662,310495,8227.222770709535,630243,11740.085,2008.0
79,Douglas County School District Re 1,Colorado,52983,515086,11217,203468,300401,445843,288892,8414.8311722628,601870,11359.681,2008.0
80,Cleveland City School District,Ohio,52954,922544,127424,546741,248379,656258,440940,12392.982588661858,871978,16466.707,2008.0
81,Osceola County School District,Florida,52742,628244,44158,320426,263660,450830,300320,8547.83663873194,549940,10426.984,2008.0
82,Clayton County School District,Georgia,52717,567961,55651,264392,247918,485152,327128,9202.95160953772,542904,10298.462,2008.0
83,Cumberland County Schools,North Carolina,52407,458835,60684,288445,109706,401361,267102,7658.537981567348,447851,8545.6332,2008.0
84,Capistrano Unified School District,California,52390,453589,23800,146857,282932,417759,291451,7974.021759877839,449234,8574.8044,2008.0
85,Corona Norco Unified School District,California,51322,476836,26997,306419,143420,414555,279180,8077.530104048946,481676,9385.3708,2008.0
86,Forsyth County-Winston Salem Schools,North Carolina,50907,505580,45335,295382,164863,441088,300815,8664.58443828943,500431,9830.2984,2008.0
87,Pasadena Independent School District 917,Texas,50757,464800,45440,264859,154501,400615,261637,7892.80296313809,525181,10346.967,2008.0
88,Cherry Creek School District 5,Colorado,50601,493657,19321,203803,270533,432943,284368,8556.016679512262,475950,9405.9406,2008.0
89,Atlanta Public Schools,Georgia,49991,869896,88718,162938,618240,675668,380854,13515.792842711688,772858,15459.943,2008.0
90,Lewisville Independent School District 902,Texas,49636,495986,21186,136820,337980,401301,274125,8084.877911193488,555564,11192.763,2008.0
91,Howard County Schools,Maryland,49542,805247,20014,234350,550883,688449,471731,13896.269831657986,789781,15941.645,2008.0
92,Anchorage School District,Alaska,48857,650738,61866,394410,194462,611450,390547,12515.095073377408,693415,14192.746,2008.0
93,Brownsville Independent School District 901,Texas,48837,473510,78215,322296,72999,422879,279176,8658.98806232979,478942,9806.9496,2008.0
94,Garden Grove Unified School Dist,California,48669,468369,41967,321929,104473,456637,311884,9382.502208798209,470004,9657.1534,2008.0
95,Henrico County Schools,Virginia,48620,474941,25736,220878,228327,420874,283131,8656.396544631838,515742,10607.61,2008.0
96,Sacramento City Unified School District,California,48446,545693,78196,345913,121584,486908,322847,10050.530487553153,559994,11559.138,2008.0
97,Omaha City School District 1,Nebraska,47763,545674,88496,195808,261370,436291,279029,9134.497414316522,474577,9936.0802,2008.0
98,San Juan Unified School District,California,47400,480125,40410,303399,136316,433280,294438,9140.928270042194,477164,10066.751,2008.0
99,Shelby County School District,Tennessee,46918,367604,20894,167253,179457,345192,245592,7357.346860479986,409334,8724.4554,2008.0
100,New York City School District,New York,981690,21165693,1817770,10040718,9307205,18795097,14419507,19145.654,23296966,23731.49,2009.0
101,Los Angeles Unified School District,California,687534,9695990,1427027,6407786,1861177,7636872,5053027,11107.628,10541504,15332.338,2009.0
102,City Of Chicago School District 299,Illinois,421430,5028161,1182403,1512820,2332938,4602119,3061901,10920.245,5543642,13154.36,2009.0
103,Miami-Dade County Public School District,Florida,345525,3531152,455555,982432,2093165,3144292,2107368,9100.042,3993706,11558.371,2009.0
104,Clark County School District,Nevada,312761,3179037,286412,869809,2022816,2539486,1651498,8119.5737,3290531,10520.912,2009.0
105,Broward County School District,Florida,256351,2513314,252590,838721,1422003,2365072,1583872,9225.9129,3031600,11825.973,2009.0
106,Houston Independent School District 912,Texas,200225,2098480,288212,509180,1301088,1835460,1196723,9166.9871,2081971,10398.157,2009.0
107,Hillsborough County School District,Florida,192007,1905911,269224,853212,783475,1645308,1144715,8569.0001,2094834,10910.196,2009.0
108,Hawaii Public Schools,Hawaii,179478,2689758,392837,2205032,91889,2225437,1475480,12399.497,2318671,12918.971,2009.0
109,Orange County School Board,Florida,172257,1810528,162745,583956,1063827,1412137,965135,8197.8497,1836844,10663.392,2009.0
110,Palm Beach County School District,Florida,170757,1944936,159995,330892,1454049,1587281,1112269,9295.5545,2123119,12433.569,2009.0
111,Fairfax County Schools,Virginia,169030,2371152,94869,461033,1815250,2232941,1525470,13210.324,2490174,14732.142,2009.0
112,Philadelphia School District,Pennsylvania,159867,2671065,326710,1479741,864614,1731025,1022615,10827.907,2762022,17276.999,2009.0
113,Dallas Independent School District 905,Texas,157352,1615590,229315,440876,945399,1451629,967797,9225.361,1619132,10289.872,2009.0
114,Gwinnett County School District,Georgia,157219,1666446,111335,695935,859176,1492483,1010014,9493.0193,1878490,11948.238,2009.0
115,Montgomery County Schools,Maryland,139282,2508088,91702,602349,1814037,2151476,1498380,15446.906,2252176,16169.9,2009.0
116,Wake County Schools,North Carolina,138443,1945241,77473,728334,1139434,1136475,776622,8208.9741,1596629,11532.754,2009.0
117,Charlotte-Mecklenburg Schools,North Carolina,135064,1699290,113623,721807,863860,1173350,783024,8687.363,1620152,11995.439,2009.0
118,San Diego City Unified School District,California,132256,1511821,200987,529738,781096,1333201,855344,10080.458,1482522,11209.488,2009.0
119,Prince Georges County Schools,Maryland,127977,1914801,117996,1062593,734212,1760448,1094159,13755.972,1952894,15259.726,2009.0
120,Duval County School District,Florida,122606,1148276,115263,504021,528992,1053519,710703,8592.7198,1247802,10177.332,2009.0
121,Memphis City Schools,Tennessee,111954,1045848,150238,447301,448309,1027568,678517,9178.484,1124229,10041.883,2009.0
122,Cobb County School District,Georgia,106747,1107472,75246,400107,632119,1011011,722030,9471.0952,1086675,10179.911,2009.0
123,Pinellas County School District,Florida,106061,1068296,100985,311547,655764,944508,622965,8905.3281,1153352,10874.421,2009.0
124,Baltimore County Schools,Maryland,103180,1482453,75829,628953,777671,1295213,837315,12552.946,1364926,13228.591,2009.0
125,Cypress-Fairbanks Independent School District 907,Texas,100685,860846,54706,335144,470996,710169,486861,7053.3744,1028369,10213.726,2009.0
126,Dekalb County School District,Georgia,99775,1168643,112405,372248,683990,1025744,690498,10280.571,1154644,11572.478,2009.0
127,Jefferson County School District,Kentucky,98774,1095123,119409,457431,518283,983345,614537,9955.5045,1063418,10766.173,2009.0
128,Detroit City School District,Michigan,97577,1294223,249063,731678,313482,1209281,735639,12393.095,1326638,13595.806,2009.0
129,Albuquerque Public Schools,New Mexico,95934,1029988,103711,743864,182413,842884,531855,8786.0821,1213761,12652.042,2009.0
130,Polk County School District,Florida,94657,915097,97511,442858,374728,815185,562793,8611.9885,972166,10270.408,2009.0
131,Northside Independent School District 915,Texas,89000,814677,60016,321686,432975,705734,477406,7929.5955,1034522,11623.843,2009.0
132,Fulton County3,Georgia,88299,1043327,64160,293198,685969,882260,574581,9991.7326,1129248,12788.91,2009.0
133,Long Beach Unified School District,California,87509,906642,163484,605399,137759,801120,525089,9154.7155,872344,9968.6204,2009.0
134,Jefferson County School District R-1,Colorado,85946,853041,40579,361080,451382,738732,482340,8595.304,873381,10161.974,2009.0
135,Milwaukee City School District,Wisconsin,85381,1240232,287789,631991,320452,1147887,722742,13444.291,1232115,14430.787,2009.0
136,Austin Independent School District 901,Texas,83483,1067343,92541,244704,730098,783814,506341,9388.9055,1111466,13313.681,2009.0
137,Baltimore City Schools,Maryland,82266,1382981,152921,944414,285646,1182934,784951,14379.379,1359782,16529.089,2009.0
138,Jordan School District,Utah,81485,631709,70568,315917,245224,492390,337679,6042.7072,667668,8193.7535,2009.0
139,Lee County School District,Florida,79434,858184,71100,160653,626431,717883,466146,9037.4777,896303,11283.619,2009.0
140,Fort Worth Independent School District 905,Texas,79285,769865,111504,306878,351483,704907,456713,8890.799,832799,10503.866,2009.0
141,Fresno Unified School District,California,76621,835948,144700,587359,103889,721401,490196,9415.1864,788286,10288.119,2009.0
142,Davidson County School District,Tennessee,74312,740320,85967,205992,448361,719741,471129,9685.394,798286,10742.357,2009.0
143,Denver School District 13,Colorado,74189,879654,88281,260721,530652,714434,431206,9629.9182,880900,11873.728,2009.0
144,Prince William County Schools,Virginia,73917,934669,39731,385743,509195,773119,498493,10459.285,925397,12519.407,2009.0
145,Anne Arundel County Schools,Maryland,73653,1031083,45403,361689,623991,926942,621094,12585.258,1085142,14733.168,2009.0
146,Brevard County School District,Florida,73098,675705,53392,270531,351782,602371,420790,8240.5948,797394,10908.561,2009.0
147,Guilford County Schools,North Carolina,72951,745883,90906,391510,263467,660757,428257,9057.5455,767518,10521.007,2009.0
148,Virginia Beach City Schools,Virginia,71554,830709,54992,387458,388259,755533,505217,10558.921,879525,12291.766,2009.0
149,Greenville County School District,South Carolina,70441,687992,63278,341555,283159,556811,358734,7904.6436,682028,9682.2589,2009.0
150,Mesa Unified School District,Arizona,70346,611366,56657,288647,266062,556556,329452,7911.6936,624717,8880.6329,2009.0
151,Granite School District,Utah,70166,494431,56596,280815,157020,431054,300573,6143.3458,507917,7238.7909,2009.0
152,Fort Bend Independent School District 907,Texas,68708,594526,35455,239623,319448,528618,357793,7693.6892,685871,9982.4038,2009.0
153,Pasco County School Board,Florida,66784,647083,56762,316999,273322,566068,370913,8476.1021,702914,10525.186,2009.0
154,Davis County School District,Utah,66614,492176,57822,280590,153764,408337,277132,6129.8976,540023,8106.7493,2009.0
155,Washoe County School District,Nevada,65421,647707,71010,227903,348794,552403,356408,8443.8177,671301,10261.246,2009.0
156,Seminole County School District,Florida,64927,580536,41198,247937,291401,510274,342461,7859.1957,601378,9262.3716,2009.0
157,North East Independent School District 910,Texas,63452,655626,40396,185416,429814,538944,368541,8493.7275,793244,12501.481,2009.0
158,Arlington Independent School,Texas,63045,549822,54829,204849,290144,487535,336495,7733.1271,514207,8156.19,2009.0
159,Volusia County School District,Florida,63018,627597,53288,212481,361828,518461,339702,8227.1891,691669,10975.737,2009.0
160,Mobile County School District,Alabama,62531,580220,76629,346746,156845,552567,337210,8836.689,595423,9522.0451,2009.0
161,El Paso Independent School District 902,Texas,62322,607374,101448,312274,193652,548191,375322,8796.1073,676697,10858.076,2009.0
162,Alpine School District,Utah,62281,442458,53892,248148,140418,352384,257018,5657.9695,493735,7927.5381,2009.0
163,Elk Grove Unified School District,California,62172,585025,66400,377154,141471,537335,361663,8642.717,586467,9432.9763,2009.0
164,Aldine Independent School District 902,Texas,61526,586222,69548,313333,203341,527747,336992,8577.6257,620705,10088.499,2009.0
165,Chesterfield County Schools,Virginia,59080,638573,26138,313812,298623,546995,367355,9258.5477,626918,10611.341,2009.0
166,Douglas County School District 1,Colorado,58723,568232,14609,247282,306341,487809,304421,8306.9496,606533,10328.713,2009.0
167,Garland Independent School District 909,Texas,57510,498512,46232,255575,196705,443838,297747,7717.5796,479569,8338.8802,2009.0
168,Santa Ana Unified School District,California,57439,608210,93784,389998,124428,510664,354363,8890.5448,587956,10236.181,2009.0
169,Tucson Unified School District 1,Arizona,57391,504272,60749,229125,214398,457019,255448,7963.2521,544681,9490.7041,2009.0
170,Loudoun County Schools,Virginia,56894,799102,17746,187462,593894,740357,510446,13012.919,913069,16048.599,2009.0
171,Katy Independent School District 914,Texas,56862,538776,25014,212300,301462,435175,290465,7653.1779,531457,9346.4352,2009.0
172,Boston City Schools,Massachusetts,55923,1232829,118739,254043,860047,1054584,697033,18857.787,1195636,21380.04,2009.0
173,Knox County School District,Tennessee,55535,465157,43940,154965,266252,440078,304175,7924.336,477584,8599.6939,2009.0
174,San Francisco Unified School District,California,55183,723906,97792,196568,429546,551270,361287,9989.8519,777869,14096.171,2009.0
175,San Bernardino City Unified School District,California,54727,647553,102481,478476,66596,542438,343423,9911.7072,678966,12406.417,2009.0
176,San Antonio Independent School District 907,Texas,54696,550221,103261,283687,163273,467838,310217,8553.4226,520812,9521.9394,2009.0
177,Cumberland County Schools,North Carolina,54288,474346,65174,289458,119714,454577,319294,8373.4343,505784,9316.6814,2009.0
178,Plano Independent School District 910,Texas,54203,637364,23785,136154,477425,452058,317517,8340.0919,682422,12590.115,2009.0
179,Columbus City,Ohio,53536,894781,110268,339441,445072,685973,413172,12813.303,928171,17337.324,2009.0
180,Forsyth County-Winston Salem Schools,North Carolina,52906,573416,49670,297399,226347,470229,331028,8888.0089,567241,10721.676,2009.0
181,Capistrano Unified School District,California,52681,455566,43032,126215,286319,406099,288238,7708.6426,433476,8228.3176,2009.0
182,Corona Norco Unified School District,California,52138,477608,43869,283970,149769,401343,272844,7697.7061,484118,9285.3197,2009.0
183,Osceola County School District,Florida,51941,500150,48462,209345,242343,429657,284688,8272.0202,567066,10917.503,2009.0
184,Pasadena Independent School District 917,Texas,51578,489209,53924,264736,170549,430515,277849,8346.8727,491482,9528.9077,2009.0
185,Cherry Creek School District 5,Colorado,51199,517942,19570,216648,281724,453736,316519,8862.2043,491672,9603.1563,2009.0
186,Lewisville Independent School District 902,Texas,50216,503399,22703,128665,352031,427512,292034,8513.4618,566406,11279.393,2009.0
187,Cleveland City School District,Ohio,49952,912022,128877,554610,228535,676382,451228,13540.639,925722,18532.231,2009.0
188,Howard County Schools,Maryland,49905,835108,21029,258725,555354,731066,489659,14649.153,816452,16360.124,2009.0
189,Clayton County School District,Georgia,49508,543400,59270,247709,236421,506238,337942,10225.378,577934,11673.548,2009.0
190,Atlanta Public Schools,Georgia,49032,857196,85634,130095,641467,681465,380520,13898.372,893033,18213.269,2009.0
191,Henrico County Schools,Virginia,48991,510259,30446,246179,233634,444889,299856,9081.0353,540964,11042.11,2009.0
192,Anchorage School District,Alaska,48837,649717,65775,384905,199037,639428,391199,13093.106,737118,15093.433,2009.0
193,Brownsville Independent School District 901,Texas,48587,475144,81470,328575,65099,442034,292766,9097.7834,584857,12037.315,2009.0
194,Garden Grove Unified School District,California,48574,457636,61519,302886,93231,441568,303163,9090.6246,455707,9381.7063,2009.0
195,Sacramento City Unified School District,California,48155,542503,91696,326280,124527,471058,309617,9782.1202,550265,11426.955,2009.0
196,Omaha City School District 1,Nebraska,48014,550528,74603,216843,259082,461902,294249,9620.1525,508044,10581.164,2009.0
197,Conroe Independent School District,Texas,47996,423607,26195,147811,249601,348919,227050,7269.7516,513361,10695.912,2009.0
198,Shelby County School District,Tennessee,47448,380894,24776,173150,182968,360552,253013,7598.8872,405328,8542.5729,2009.0
199,Wichita School District,Kansas,47260,583235,58211,360830,164194,515227,325188,10901.968,584111,12359.522,2009.0
200,New York City School District, New York ,1014020,21023695,2047926,8375172,10600597,19453219,15021577,19184.25,24597709,24257.617,2010.0
201,Los Angeles Unified School District, California ,670746,8436592,1354563,5164166,1917863,7302040,4811797,10886.44,9735797,14514.879,2010.0
202,City Of Chicago School District 299, Illinois ,407157,5103557,1220298,1590857,2292402,4721359,3247427,11595.91,5363330,13172.634,2010.0
203,Miami-Dade County Public School District, Florida ,345804,3442717,625948,896711,1920058,3118117,2121042,9017.006,3668809,10609.504,2010.0
204,Clark County School District, Nevada ,307059,3037823,245314,872480,1920029,2536794,1648002,8261.584,3053058,9942.9035,2010.0
205,Broward County School District, Florida ,256137,2547733,414654,776219,1356860,2379582,1616834,9290.27,2811734,10977.461,2010.0
206,Houston Independent School District 912, Texas ,202773,2165693,428684,447491,1289518,1855709,1221822,9151.657,2174637,10724.49,2010.0
207,Hillsborough County School District, Florida ,193265,1885758,375324,809690,700744,1640285,1133404,8487.232,1962835,10156.185,2010.0
208,Hawaii Public Schools, Hawaii ,180196,2564856,382400,2093300,89156,2118013,1406864,11753.94,2215458,12294.712,2010.0
209,Orange County School District, Florida ,173259,1806377,266478,526156,1013743,1421753,968885,8205.94,1791745,10341.425,2010.0
210,Palm Beach County School District, Florida ,172897,1924004,253911,282276,1387817,1594952,1096426,9224.867,1951842,11289.045,2010.0
211,Fairfax County Schools, Virginia ,171956,2350812,144249,411280,1795283,2158653,1483554,12553.51,2387209,13882.673,2010.0
212,Philadelphia School District, Pennsylvania ,165694,2831427,556585,1415203,859639,1891664,1152160,11416.61,2950542,17807.175,2010.0
213,Gwinnett County School District, Georgia ,159296,1623148,200541,597195,825412,1477999,985099,9278.318,1711261,10742.649,2010.0
214,Dallas Independent School District 905, Texas ,157111,1768234,336955,420867,1010412,1425497,948319,9073.183,1691036,10763.32,2010.0
215,Montgomery County School, Maryland ,141722,2690058,139787,616444,1933827,2208308,1550510,15581.97,2579354,18200.096,2010.0
216,Wake County Schools, North Carolina ,140558,2061643,122009,664034,1275600,1086117,738957,7727.18,1371674,9758.7757,2010.0
217,Charlotte-Mecklenburg Schools, North Carolina ,136969,2297008,169887,644107,1483014,1135686,756425,8291.555,1529792,11168.892,2010.0
218,San Diego City Unified School District, California ,131417,1405078,199441,476872,728765,1270629,821468,9668.68,1496617,11388.306,2010.0
219,Prince Georges County Schools, Maryland ,127039,1912947,184171,978543,750233,1781024,1120706,14019.5,1946892,15325.152,2010.0
220,Duval County School District, Florida ,122586,1179374,191695,455930,531749,1091816,739292,8906.53,1226024,10001.338,2010.0
221,Memphis City Schools, Tennessee ,109300,1093003,183453,443364,466186,1032979,706051,9450.86,1153095,10549.817,2010.0
222,Cobb County School District, Georgia ,107245,1102180,131148,360200,610832,976293,703227,9103.389,1060534,9888.8899,2010.0
223,Pinellas County School District, Florida ,105238,1039383,156035,274836,608512,924258,618608,8782.55,1119304,10635.93,2010.0
224,Cypress-Fairbanks Independent School District, Texas ,104231,944071,128544,323807,491720,758880,525225,7280.751,1052384,10096.651,2010.0
225,Baltimore County Schools, Maryland ,103324,1547117,112954,612152,822011,1370097,903079,13260.2,1534466,14851.012,2010.0
226,Dekalb County School District, Georgia ,99406,1159197,164684,344000,650513,995308,671794,10012.55,1155932,11628.393,2010.0
227,Jefferson County School District, Kentucky ,98808,1124410,155681,439992,528737,1018896,648692,10311.87,1105167,11184.995,2010.0
228,Albuquerque School District, New Mexico ,96572,1021779,170302,666792,184685,866545,544420,8973.046,1112328,11518.121,2010.0
229,Polk County School District, Florida ,94530,914627,159860,426979,327788,819576,561751,8670.009,942145,9966.6244,2010.0
230,Northside Independent School District 915, Texas ,92335,884318,112713,311901,459704,757781,522019,8206.866,1012816,10968.928,2010.0
231,Detroit Public School District, Michigan ,90499,1182258,287377,615158,279723,1158437,725678,12800.55,1319743,14582.957,2010.0
232,Fulton County School District, Georgia ,90399,1100931,108858,273970,718103,888090,586771,9824.113,1001846,11082.49,2010.0
233,Long Beach Unified School District, California ,86283,857736,159039,553846,144851,772061,517732,8948.008,855080,9910.1793,2010.0
234,Jefferson County School District R-1, Colorado ,86282,878698,54309,376219,448170,764171,497700,8856.667,891637,10333.986,2010.0
235,Austin Independent School District 901, Texas ,84676,1057469,150853,150544,756072,804256,526749,9498.039,1077555,12725.625,2010.0
236,Baltimore City Schools, Maryland ,82866,1347621,213503,893891,240227,1219043,804927,14711.01,1364829,16470.314,2010.0
237,Milwaukee City School District, Wisconsin ,82096,1268905,259642,672974,336289,1152492,718907,14038.34,1260663,15355.961,2010.0
238,Lee County School District, Florida ,80484,821989,116122,162118,543749,707452,457428,8789.97,836303,10390.922,2010.0
239,Fort Worth Independent School District 905, Texas ,80209,836980,186710,288309,361961,693075,454218,8640.863,905562,11290.03,2010.0
240,Denver School District 1, Colorado ,77267,957203,129150,266939,561114,767270,468411,9930.112,1005375,13011.7,2010.0
241,Prince William County Schools, Virginia ,76861,915139,82062,349060,484017,783057,503294,10187.96,931504,12119.332,2010.0
242,Fresno Unified School District, California ,75468,742921,140326,493215,109380,711048,479652,9421.847,778618,10317.194,2010.0
243,Nashville Davidson County Schools, Tennessee ,75080,764185,108342,212066,443777,741411,485503,9874.946,829035,11042.022,2010.0
244,Anne Arundel County Schools, Maryland ,74776,1063940,65752,367395,630793,951654,641805,12726.73,1094472,14636.675,2010.0
245,Guilford County School, North Carolina ,72758,1009769,97842,347915,564012,653002,418913,8974.985,762133,10474.903,2010.0
246,Brevard County School District, Florida ,72412,666690,95693,252241,318756,578816,399955,7993.371,666072,9198.3649,2010.0
247,Virginia Beach City Schools, Virginia ,71182,792169,85383,331704,375082,730813,493999,10266.82,835342,11735.298,2010.0
248,Greenville County School District, South Carolina ,70969,673631,88847,314960,269824,545627,344119,7688.244,674303,9501.3738,2010.0
249,Fort Bend Independent School District 907, Texas ,69374,624727,71085,215003,338639,542384,374230,7818.26,702307,10123.49,2010.0
250,Granite School District, Utah ,68807,495657,77873,264637,153147,418979,291369,6089.191,503587,7318.8338,2010.0
251,Davis County School District, Utah ,67999,474874,57424,262994,154456,394326,265740,5798.997,501161,7370.1231,2010.0
252,Mesa Unified School District, Arizona ,67471,591990,94625,260949,236416,539066,324680,7989.595,578202,8569.6373,2010.0
253,Pasco County School Board, Florida ,67147,651244,99204,296876,255164,573182,371789,8536.226,700561,10433.243,2010.0
254,North East Independent School District 910, Texas ,65498,683474,75607,193738,414129,559027,383169,8535.023,826126,12612.996,2010.0
255,Washoe County School District, Nevada ,64838,627168,63239,232018,331911,555778,347622,8571.794,636667,9819.3498,2010.0
256,Alpine School District, Utah ,64718,446011,53525,250771,141715,357792,259637,5528.477,483599,7472.4033,2010.0
257,Seminole County School District, Florida ,64457,567234,74212,231764,261258,509841,343838,7909.784,571817,8871.294,2010.0
258,Arlington Independent School, Texas ,63487,562510,103956,189902,268652,496792,349260,7825.098,545711,8595.6338,2010.0
259,El Paso Independent School District 902, Texas ,63378,646198,137988,316859,191351,573452,396438,9048.123,659801,10410.568,2010.0
260,Aldine Independent School District 902, Texas ,62792,619523,126579,300267,192677,543076,358505,8648.808,634103,10098.468,2010.0
261,Mobile County School District, Alabama ,62767,592058,117344,308995,165719,547348,339305,8720.314,581520,9264.741,2010.0
262,Elk Grove Unified School District, California ,62483,542045,60553,368985,112507,524393,359161,8392.57,582688,9325.5445,2010.0
263,Volusia County School District, Florida ,62306,618315,97893,201234,319188,520768,338848,8358.231,631625,10137.467,2010.0
264,Loudoun County Schools, Virginia ,60003,888639,35587,173943,679109,721899,496155,12031.04,808796,13479.259,2010.0
265,Douglas County School District Re 1, Colorado ,59932,592289,15508,263765,313016,468266,299010,7813.288,582564,9720.4165,2010.0
266,Chesterfield County Schools, Virginia ,59509,600235,66045,269175,265015,533877,361502,8971.365,588555,9890.1847,2010.0
267,Katy Independent School District 914, Texas ,59078,578558,54058,199095,325405,470162,316356,7958.326,536493,9081.0962,2010.0
268,Garland Independent School District 909, Texas ,57861,523656,76285,258508,188863,448898,303728,7758.213,491409,8492.9227,2010.0
269,Santa Ana Unified School District, California ,56937,549756,95127,326054,128575,487978,334383,8570.49,565275,9928.0784,2010.0
270,Knox County School District, Tennessee ,56758,492878,57781,156058,279039,447230,314004,7879.594,482674,8504.0699,2010.0
271,Boston City School, Massachusetts ,55371,1219110,124894,334347,759869,1061414,717468,19169.13,1198589,21646.512,2010.0
272,Tucson Unified School District 1, Arizona ,55369,520089,93748,199381,226960,461316,249573,8331.665,527773,9531.9222,2010.0
273,San Antonio Independent School District 907, Texas ,55327,579836,156988,262620,160228,494918,327438,8945.325,555239,10035.588,2010.0
274,San Francisco Unified School District, California ,55140,691374,81347,144206,465821,573570,384228,10402.06,797280,14459.195,2010.0
275,Plano Independent School District 910, Texas ,54939,606356,47204,85211,473941,458675,323213,8348.805,663336,12074.046,2010.0
276,San Bernardino City Unified School District, California ,53837,649434,100616,496658,52160,519942,329240,9657.707,598235,11111.968,2010.0
277,Capistrano Unified School District, California ,53381,392522,29937,87127,275458,383568,270290,7185.477,399360,7481.3136,2010.0
278,Cumberland County School, North Carolina ,53035,531596,85256,264619,181721,455003,314280,8579.296,510124,9618.6292,2010.0
279,Columbus City School District, Ohio ,52810,946466,145476,325765,475225,723365,440159,13697.5,919893,17418.917,2010.0
280,Forsyth County-Winston Salem Schools, North Carolina ,52795,597156,71570,269787,255799,478117,329798,9056.103,596053,11289.952,2010.0
281,Pasadena Independent School District 917, Texas ,52303,527129,102729,268445,155955,445418,292958,8516.108,483288,9240.1583,2010.0
282,Osceola County School District, Florida ,52139,490192,78792,200873,210527,431923,288832,8284.067,536729,10294.194,2010.0
283,Corona Norco Unified School District, California ,52052,427585,40837,258727,128021,398844,271154,7662.414,472657,9080.4772,2010.0
284,Cherry Creek School District 5, Colorado ,51786,537904,26082,228003,283819,468331,331519,9043.583,587308,11341.057,2010.0
285,Lewisville Independent School District 902, Texas ,50840,526111,44973,124568,356570,426535,293298,8389.752,651746,12819.552,2010.0
286,Howard County Schools, Maryland ,50641,853945,30817,261327,561801,744619,517404,14703.87,830246,16394.739,2010.0
287,Clayton County School District, Georgia ,50204,517483,80237,211057,226189,466638,310495,9294.837,543816,10832.125,2010.0
288,Conroe Independent School District 902, Texas ,49629,459969,49436,144843,265690,366764,243899,7390.114,477714,9625.7027,2010.0
289,Anchorage School District, Alaska ,49592,686143,89922,383161,213060,665336,409171,13416.19,755014,15224.512,2010.0
290,Henrico County Schools, Virginia ,49407,498438,39696,213687,245055,438672,297329,8878.741,540499,10939.725,2010.0
291,Brownsville Independent School District 901, Texas ,49121,483862,109945,315460,58457,461019,303616,9385.374,540448,11002.382,2010.0
292,Atlanta Public Schools, Georgia ,48909,828061,102638,111723,613700,735714,407157,15042.5,940700,19233.679,2010.0
293,Omaha City School District 1, Nebraska ,48692,580169,108763,210758,260648,519979,355638,10678.94,545174,11196.377,2010.0
294,Jordan School District, Utah ,48457,359584,36521,188419,134644,283396,194117,5848.401,403465,8326.248,2010.0
295,Cleveland City School District, Ohio ,48392,897583,163912,522780,210891,675694,453137,13962.92,936582,19354.067,2010.0
296,Wichita Unified School District 259, Kansas ,48324,581647,98393,319287,163967,516823,317510,10694.95,638856,13220.263,2010.0
297,Shelby County School District, Tennessee ,48211,389616,31716,177185,180715,372316,260907,7722.635,412185,8549.6049,2010.0
298,Garden Grove Unified School District, California ,47950,421942,63185,262566,96191,429354,294385,8954.202,451877,9423.9208,2010.0
299,Sacramento City Unified School District, California ,47890,481658,87731,284323,109604,454761,302665,9495.949,504240,10529.129,2010.0
300,New York City School District, New York ,995336,22651559,3120314,8594973,10936272,19677991,15165440,19770.19,23884430,23996.349,2011.0
301,Los Angeles Unified School District, California ,667273,9445475,1535645,5761507,2148323,7217255,4906009,10816.04,9337246,13993.142,2011.0
302,City Of Chicago School District 299, Illinois ,405644,5661444,1118967,2032469,2510008,4839711,3271308,11930.93,5723310,14109.194,2011.0
303,Miami-Dade County Public School District, Florida ,347366,3458517,663341,1069929,1725247,3146728,2171776,9058.825,3611956,10398.128,2011.0
304,Clark County School District, Nevada ,314059,2927746,311131,882243,1734372,2597220,1692261,8269.847,3022858,9625.1278,2011.0
305,Broward County School District, Florida ,256472,2477771,439868,889729,1148174,2299780,1541727,8966.982,2599247,10134.623,2011.0
306,Houston Independent School District 912, Texas ,204245,2221585,408408,532511,1280666,1834882,1208914,8983.73,2296500,11243.849,2011.0
307,Hillsborough County School District, Florida ,194525,1947934,424200,885131,638603,1704214,1184594,8760.899,1971743,10136.193,2011.0
308,Hawaii Department Of Education, Hawaii ,179601,2499513,347363,2088870,63280,2156001,1325746,12004.39,2259104,12578.46,2011.0
309,Orange County Public Schools, Florida ,176008,1889105,311541,618508,959056,1463872,1000668,8317.076,1834434,10422.447,2011.0
310,Palm Beach County School District, Florida ,174663,1922511,296851,351371,1274289,1618132,1115853,9264.308,1841875,10545.307,2011.0
311,Fairfax County Public Schools, Virginia ,174479,2371770,136207,459742,1775821,2180872,1491946,12499.33,2470926,14161.739,2011.0
312,Philadelphia School District, Pennsylvania ,166233,2896799,636770,1411582,848447,1934404,1182795,11636.7,3142979,18907.07,2011.0
313,Gwinnett County School District, Georgia ,160744,1663059,165617,722027,775415,1483050,964518,9226.16,1622360,10092.818,2011.0
314,Dallas Independent School District 905, Texas ,157162,1736994,353634,448983,934377,1502681,974596,9561.35,2041088,12987.16,2011.0
315,Wake County Schools, North Carolina ,144173,1183308,145597,678165,359546,1112138,760867,7713.913,1336964,9273.3313,2011.0
316,Montgomery County Public Schools, Maryland ,144023,2687215,165503,666593,1855119,2221014,1560541,15421.24,2496790,17336.05,2011.0
317,Charlotte-Mecklenburg Schools, North Carolina ,135954,1378746,179719,648832,550195,1094447,712880,8050.127,1329879,9781.8306,2011.0
318,San Diego City Unified School District, California ,131785,1474174,216241,554916,703017,1252587,803570,9504.776,1485390,11271.313,2011.0
319,Prince George's County Public Schools, Maryland ,126671,1910110,246936,927357,735817,1744944,1099412,13775.4,1976560,15603.887,2011.0
320,Duval County School District, Florida ,123997,1210443,224407,470953,515083,1114356,755873,8986.959,1247631,10061.784,2011.0
321,Memphis City Schools, Tennessee ,111834,1170410,232924,461795,475691,1062330,714961,9499.168,1187591,10619.23,2011.0
322,Cobb County School District, Georgia ,107315,1124647,107963,409898,606786,947674,678291,8830.769,1088349,10141.63,2011.0
323,Cypress-Fairbanks Independent School District 907, Texas ,106097,953005,130329,340795,481881,771525,537599,7271.883,983577,9270.5449,2011.0
324,Baltimore County Public Schools, Maryland ,104160,1555549,138275,609619,807655,1380286,904305,13251.59,1537580,14761.713,2011.0
325,Pinellas County School District, Florida ,104001,1036307,175861,310156,550290,942551,635077,9062.903,1068726,10276.113,2011.0
326,Dekalb County School District, Georgia ,98115,1126337,136572,375688,614077,983958,655028,10028.61,1114201,11356.072,2011.0
327,Jefferson County School District, Kentucky ,97331,1204917,201021,453116,550780,1069548,677173,10988.77,1174757,12069.711,2011.0
328,Northside Independent School District 915, Texas ,95581,927836,110664,347503,469669,771040,534707,8066.875,979384,10246.639,2011.0
329,Albuquerque Public Schools, New Mexico ,95415,1006464,138297,686011,182156,826472,518966,8661.866,1021767,10708.662,2011.0
330,Polk County School District, Florida ,95178,936340,182192,450251,303897,858648,595277,9021.496,996655,10471.485,2011.0
331,Fulton County³, Georgia ,91864,1118648,93481,311031,714136,843017,565467,9176.793,962867,10481.44,2011.0
332,Jefferson County School District No. R-1, Colorado ,85979,857134,76726,334813,445595,757915,494110,8815.117,833491,9694.123,2011.0
333,Austin Independent School District 901, Texas ,85697,1096563,155833,183304,757426,808287,528071,9431.917,1059959,12368.683,2011.0
334,Long Beach Unified School District, California ,84812,851802,149698,549490,152614,737821,502914,8699.488,839817,9902.1011,2011.0
335,Baltimore City Public Schools, Maryland ,83800,1441019,279303,892935,268781,1297470,848657,15482.93,1452189,17329.224,2011.0
336,Lee County School District, Florida ,81967,827211,142228,193442,491541,736718,479548,8987.982,824431,10058.084,2011.0
337,Fort Worth Independent School District 905, Texas ,81651,835866,181849,301792,352225,743459,485333,9105.326,1029691,12610.88,2011.0
338,Milwaukee School District, Wisconsin ,80934,1310838,265333,706087,339418,1152804,751839,14243.75,1298621,16045.432,2011.0
339,Prince William County Public Schools, Virginia ,79358,902165,72626,359029,470510,780524,498657,9835.479,946518,11927.191,2011.0
340,Nashville Davidson County Schools, Tennessee ,78782,822265,130054,227502,464709,772094,511857,9800.385,854181,10842.337,2011.0
341,Denver School District 1, Colorado ,78339,976213,161894,237903,576416,820062,482869,10468.11,1101773,14064.17,2011.0
342,Detroit City School District, Michigan ,77757,1250847,451471,561782,237594,1043177,666344,13415.85,1441082,18533.148,2011.0
343,Anne Arundel County Public Schools, Maryland ,75481,1102787,78339,360457,663991,982705,665968,13019.23,1145368,15174.256,2011.0
344,Fresno Unified School District, California ,74833,768552,139750,522298,106504,693180,467705,9263.025,769720,10285.836,2011.0
345,Guilford County Schools, North Carolina ,73205,795228,96060,350991,348177,635691,410035,8683.71,754828,10311.154,2011.0
346,Greenville County School District, South Carolina ,71930,701103,82614,325636,292853,540531,335854,7514.68,655980,9119.6997,2011.0
347,Brevard County School District, Florida ,71866,665068,108726,283017,273325,586688,407927,8163.637,640838,8917.1235,2011.0
348,Virginia Beach City Public Schools, Virginia ,71185,769740,88488,311064,370188,733992,496033,10311.04,844547,11864.115,2011.0
349,Granite School District, Utah ,70083,474236,68178,243842,162216,421152,295161,6009.331,536028,7648.474,2011.0
350,Fort Bend Independent School District 907, Texas ,68948,623356,55659,222384,345313,521036,357687,7556.941,643593,9334.4695,2011.0
351,Davis County School District, Utah ,67452,454945,51425,240514,163006,398030,268739,5900.936,495064,7339.5007,2011.0
352,Alpine School District, Utah ,67076,436619,48206,238928,149485,359583,255935,5360.829,439198,6547.7667,2011.0
353,Pasco County School Board, Florida ,66994,666094,115324,308518,242252,587360,385663,8767.352,652263,9736.1405,2011.0
354,North East Independent School District 910, Texas ,66604,685916,74207,205551,406158,559887,380222,8406.206,707237,10618.536,2011.0
355,Mesa Unified School District, Arizona ,65123,610696,105472,226297,278927,490380,300072,7530.058,547057,8400.3655,2011.0
356,Arlington Independent School District, Texas ,64484,591620,117878,207768,265974,501627,351488,7779.092,578168,8966.0691,2011.0
357,Washoe County School District, Nevada ,64380,618416,71782,220100,326534,546408,340718,8487.232,620301,9634.9953,2011.0
358,El Paso Independent School District 902, Texas ,64330,595870,95837,308398,191635,533719,359722,8296.58,580997,9031.5094,2011.0
359,Seminole County School District, Florida ,64229,577531,89063,246450,242018,526359,359026,8195.036,564732,8792.4769,2011.0
360,Aldine Independent School District 902, Texas ,63154,603132,116869,306953,179310,536703,355371,8498.321,625744,9908.2243,2011.0
361,Loudoun County Public Schools, Virginia ,63142,917398,37168,206991,673239,737200,505779,11675.27,901613,14279.133,2011.0
362,Elk Grove Unified School District, California ,62455,580280,64944,392077,123259,489061,332716,7830.614,532212,8521.5275,2011.0
363,Mobile County School District, Alabama ,62016,587680,110840,318759,158081,542579,330131,8749.016,581480,9376.29,2011.0
364,Volusia County School District, Florida ,61559,608890,104082,210594,294214,521732,345861,8475.316,606167,9846.9273,2011.0
365,Douglas County School District Re 1, Colorado ,61465,597377,34224,244262,318891,463916,292190,7547.645,536544,8729.2606,2011.0
366,Katy Independent School District 914, Texas ,60803,599020,56482,214508,328030,488484,328224,8033.879,641117,10544.167,2011.0
367,Chesterfield County Public Schools, Virginia ,59243,563296,44087,256860,262349,498880,333373,8420.91,554114,9353.24,2011.0
368,Knox County School District, Tennessee ,57977,480087,58015,159097,262975,440035,302661,7589.82,477726,8239.9227,2011.0
369,Garland Independent School District 909, Texas ,57833,545423,93503,268384,183536,455996,309384,7884.702,501606,8673.3526,2011.0
370,Santa Ana Unified School District, California ,57319,648953,105933,423317,119703,519593,360300,9064.934,614788,10725.728,2011.0
371,Boston City Schools, Massachusetts ,56037,1250911,151199,325583,774129,1074823,733814,19180.59,1225600,21871.264,2011.0
372,San Francisco Unified School District, California ,55571,684462,82824,168042,433596,546752,360011,9838.8,755808,13600.763,2011.0
373,Plano Independent School District 910, Texas ,55568,633556,56088,103322,474146,468456,330167,8430.319,662042,11914.087,2011.0
374,San Antonio Independent School District 907, Texas ,55116,578043,155469,262694,159880,498348,327175,9041.802,571832,10375.064,2011.0
375,San Bernardino City Unified School District, California ,54518,600660,95741,456226,48693,506455,317080,9289.684,606453,11123.904,2011.0
376,Forsyth County-Winston Salem Schools, North Carolina ,53367,590947,70338,256078,264531,459150,318656,8603.631,556853,10434.407,2011.0
377,Osceola County School District, Florida ,53357,509748,91019,231919,186810,446219,304461,8362.895,552108,10347.433,2011.0
378,Cumberland County Schools, North Carolina ,53307,501648,89294,261340,151014,435393,299648,8167.651,478633,8978.802,2011.0
379,Tucson Unified School District 1, Arizona ,53275,522657,86179,188104,248374,436947,218242,8201.726,515127,9669.2069,2011.0
380,Capistrano Unified School District, California ,53192,416481,29877,116954,269650,385140,270095,7240.562,404785,7609.8849,2011.0
381,Corona Norco Unified School District, California ,53149,492882,53014,321898,117970,383385,261130,7213.4,477805,8989.9151,2011.0
382,Cherry Creek School District 5, Colorado ,52232,537255,42944,205212,289099,471294,335635,9023.089,579158,11088.183,2011.0
383,Pasadena Independent School District 917, Texas ,52218,506146,96482,263595,146069,446410,289679,8548.967,478268,9159.0639,2011.0
384,Lewisville Independent School District 902, Texas ,51484,547507,51783,145955,349769,436883,301123,8485.801,577430,11215.718,2011.0
385,Conroe Independent School District 902, Texas ,51170,472852,52409,145180,275263,375971,249375,7347.488,516802,10099.707,2011.0
386,Columbus City School District, Ohio ,51134,980035,175203,346719,458113,726788,441681,14213.4,916172,17917.081,2011.0
387,Howard County Public Schools, Maryland ,50994,890726,39988,263585,587153,772020,547068,15139.42,863087,16925.266,2011.0
388,Clayton County School District, Georgia ,50366,500420,64312,227072,209036,434311,291821,8623.098,453120,8996.5453,2011.0
389,Jordan School District, Utah ,50048,339004,36432,174052,128520,276322,186589,5521.139,341624,6825.9271,2011.0
390,Brownsville Independent School District 901, Texas ,49879,504356,117817,328668,57871,472744,315542,9477.816,536120,10748.411,2011.0
391,Atlanta Public Schools, Georgia ,49796,757348,103765,135631,517952,721187,386625,14482.82,941537,18907.884,2011.0
392,Omaha City School District 1, Nebraska ,49405,620026,130856,188449,300721,529106,357838,10709.56,561788,11371.076,2011.0
393,Henrico County Public Schools, Virginia ,49405,562102,45035,200929,316138,432610,291312,8756.401,513107,10385.73,2011.0
394,Wichita Unified School District 259, Kansas ,49329,586367,98180,326792,161395,513992,323155,10419.67,723975,14676.458,2011.0
395,Anchorage School District, Alaska ,49206,732488,114561,407204,210723,710465,448605,14438.58,768723,15622.546,2011.0
396,Garden Grove Unified School District, California ,48659,451091,62943,293712,94436,411982,280931,8466.717,426708,8769.3541,2011.0
397,Sacramento City Unified School District, California ,47897,512325,101180,303514,107631,463751,312351,9682.255,500750,10454.726,2011.0
398,Seattle School District 1, Washington ,47735,679225,68850,307730,302645,532458,335777,11154.45,680031,14245.962,2011.0
399,Shelby County School District, Tennessee ,47706,398743,35054,180615,183074,377698,262062,7917.201,446059,9350.1656,2011.0
